individual,id,types,date,mutation,frequency
RM5695,RM5695.1,glycan_shift,0,N334S,0.0
RM5695,RM5695.1,glycan_shift,14,N334S,1.0
RM5695,RM5695.1,glycan_shift,28,N334S,1.0
RM5695,RM5695.1,glycan_shift,84,N334S,1.0
RM5695,RM5695.1,glycan_shift,112,N334S,1.0
RM5695,RM5695.1,glycan_shift,168,N334S,1.0
RM5695,RM5695.1,glycan_shift,336,N334S,1.0
RM5695,RM5695.1,glycan_shift,448,N334S,1.0
RM5695,RM5695.2,increase_VL,0,N334S,0.0
RM5695,RM5695.2,increase_VL,14,N334S,1.0
RM5695,RM5695.2,increase_VL,28,N334S,1.0
RM5695,RM5695.2,increase_VL,84,N334S,1.0
RM5695,RM5695.2,increase_VL,112,N334S,1.0
RM5695,RM5695.2,increase_VL,168,N334S,1.0
RM5695,RM5695.2,increase_VL,336,N334S,1.0
RM5695,RM5695.2,increase_VL,448,N334S,1.0
RM5695,RM5695.5,increase_VL,0,H417R,0.0
RM5695,RM5695.5,increase_VL,14,H417R,0.896
RM5695,RM5695.5,increase_VL,28,H417R,1.0
RM5695,RM5695.5,increase_VL,84,H417R,1.0
RM5695,RM5695.5,increase_VL,112,H417R,1.0
RM5695,RM5695.5,increase_VL,168,H417R,1.0
RM5695,RM5695.5,increase_VL,336,H417R,1.0
RM5695,RM5695.5,increase_VL,448,H417R,1.0
RM5695,RM5695.7,increase_VL,0,K302N,0.0
RM5695,RM5695.7,increase_VL,14,K302N,0.06
RM5695,RM5695.7,increase_VL,28,K302N,1.0
RM5695,RM5695.7,increase_VL,84,K302N,1.0
RM5695,RM5695.7,increase_VL,112,K302N,1.0
RM5695,RM5695.7,increase_VL,168,K302N,1.0
RM5695,RM5695.7,increase_VL,336,K302N,1.0
RM5695,RM5695.7,increase_VL,448,K302N,1.0
RM5695,RM5695.9,increase_VL,0,Y330H,0.0
RM5695,RM5695.9,increase_VL,14,Y330H,0.06
RM5695,RM5695.9,increase_VL,28,Y330H,1.0
RM5695,RM5695.9,increase_VL,84,Y330H,1.0
RM5695,RM5695.9,increase_VL,112,Y330H,1.0
RM5695,RM5695.9,increase_VL,168,Y330H,1.0
RM5695,RM5695.9,increase_VL,336,Y330H,1.0
RM5695,RM5695.9,increase_VL,448,Y330H,1.0
RM5695,RM5695.11,increase_VL,0,N279D,0.0
RM5695,RM5695.11,increase_VL,14,N279D,0.075
RM5695,RM5695.11,increase_VL,28,N279D,1.0
RM5695,RM5695.11,increase_VL,84,N279D,1.0
RM5695,RM5695.11,increase_VL,112,N279D,0.931
RM5695,RM5695.11,increase_VL,168,N279D,0.983
RM5695,RM5695.11,increase_VL,336,N279D,1.0
RM5695,RM5695.11,increase_VL,448,N279D,1.0
RM5695,RM5695.13,glycan_shield,0,P8T,0.0
RM5695,RM5695.13,glycan_shield,14,P8T,0.0
RM5695,RM5695.13,glycan_shield,28,P8T,0.043
RM5695,RM5695.13,glycan_shield,84,P8T,0.0
RM5695,RM5695.13,glycan_shield,112,P8T,0.0
RM5695,RM5695.13,glycan_shield,168,P8T,0.033
RM5695,RM5695.13,glycan_shield,336,P8T,0.026
RM5695,RM5695.13,glycan_shield,448,P8T,0.026
RM5695,RM5695.23,glycan_holes,0,N276D,0.0
RM5695,RM5695.23,glycan_holes,14,N276D,0.284
RM5695,RM5695.23,glycan_holes,28,N276D,0.0
RM5695,RM5695.23,glycan_holes,84,N276D,0.0
RM5695,RM5695.23,glycan_holes,112,N276D,0.069
RM5695,RM5695.23,glycan_holes,168,N276D,0.017
RM5695,RM5695.23,glycan_holes,336,N276D,0.0
RM5695,RM5695.23,glycan_holes,448,N276D,0.0
RM5695,RM5695.28,glycan_holes,0,N197D,0.0
RM5695,RM5695.28,glycan_holes,14,N197D,0.0
RM5695,RM5695.28,glycan_holes,28,N197D,0.0
RM5695,RM5695.28,glycan_holes,84,N197D,0.0
RM5695,RM5695.28,glycan_holes,112,N197D,0.0
RM5695,RM5695.28,glycan_holes,168,N197D,0.017
RM5695,RM5695.28,glycan_holes,336,N197D,0.0
RM5695,RM5695.28,glycan_holes,448,N197D,0.0
RM5695,RM5695.30,glycan_holes,0,N230D,0.0
RM5695,RM5695.30,glycan_holes,14,N230D,0.269
RM5695,RM5695.30,glycan_holes,28,N230D,0.217
RM5695,RM5695.30,glycan_holes,84,N230D,0.381
RM5695,RM5695.30,glycan_holes,112,N230D,0.862
RM5695,RM5695.30,glycan_holes,168,N230D,0.417
RM5695,RM5695.30,glycan_holes,336,N230D,0.0
RM5695,RM5695.30,glycan_holes,448,N230D,0.0
RM5695,RM5695.31,glycan_holes,0,N130T,0.0
RM5695,RM5695.31,glycan_holes,14,N130T,0.463
RM5695,RM5695.31,glycan_holes,28,N130T,0.0
RM5695,RM5695.31,glycan_holes,84,N130T,0.0
RM5695,RM5695.31,glycan_holes,112,N130T,0.0
RM5695,RM5695.31,glycan_holes,168,N130T,0.0
RM5695,RM5695.31,glycan_holes,336,N130T,0.0
RM5695,RM5695.31,glycan_holes,448,N130T,0.0
RM5695,RM5695.32,glycan_shield,0,P8S,0.0
RM5695,RM5695.32,glycan_shield,14,P8S,0.0
RM5695,RM5695.32,glycan_shield,28,P8S,0.087
RM5695,RM5695.32,glycan_shield,84,P8S,0.0
RM5695,RM5695.32,glycan_shield,112,P8S,0.0
RM5695,RM5695.32,glycan_shield,168,P8S,0.017
RM5695,RM5695.32,glycan_shield,336,P8S,0.053
RM5695,RM5695.32,glycan_shield,448,P8S,0.0
RM5695,RM5695.33,glycan_shield,0,-147N,0.0
RM5695,RM5695.33,glycan_shield,14,-147N,0.015
RM5695,RM5695.33,glycan_shield,28,-147N,0.609
RM5695,RM5695.33,glycan_shield,84,-147N,0.429
RM5695,RM5695.33,glycan_shield,112,-147N,0.276
RM5695,RM5695.33,glycan_shield,168,-147N,0.983
RM5695,RM5695.33,glycan_shield,336,-147N,0.737
RM5695,RM5695.33,glycan_shield,448,-147N,0.359
RM5695,RM5695.34,glycan_holes,0,N130D,0.0
RM5695,RM5695.34,glycan_holes,14,N130D,0.328
RM5695,RM5695.34,glycan_holes,28,N130D,0.87
RM5695,RM5695.34,glycan_holes,84,N130D,1.0
RM5695,RM5695.34,glycan_holes,112,N130D,1.0
RM5695,RM5695.34,glycan_holes,168,N130D,0.95
RM5695,RM5695.34,glycan_holes,336,N130D,0.421
RM5695,RM5695.34,glycan_holes,448,N130D,0.949
RM5695,RM5695.35,increase_VL,0,N130D,0.0
RM5695,RM5695.35,increase_VL,14,N130D,0.328
RM5695,RM5695.35,increase_VL,28,N130D,0.87
RM5695,RM5695.35,increase_VL,84,N130D,1.0
RM5695,RM5695.35,increase_VL,112,N130D,1.0
RM5695,RM5695.35,increase_VL,168,N130D,0.95
RM5695,RM5695.35,increase_VL,336,N130D,0.421
RM5695,RM5695.35,increase_VL,448,N130D,0.949
RM5695,RM5695.36,glycan_holes,0,T676A,0.0
RM5695,RM5695.36,glycan_holes,14,T676A,0.0
RM5695,RM5695.36,glycan_holes,28,T676A,0.0
RM5695,RM5695.36,glycan_holes,84,T676A,0.0
RM5695,RM5695.36,glycan_holes,112,T676A,0.0
RM5695,RM5695.36,glycan_holes,168,T676A,0.033
RM5695,RM5695.36,glycan_holes,336,T676A,0.053
RM5695,RM5695.36,glycan_holes,448,T676A,0.0
RM5695,RM5695.60,glycan_holes,0,S336R,0.0
RM5695,RM5695.60,glycan_holes,14,S336R,0.0
RM5695,RM5695.60,glycan_holes,28,S336R,0.0
RM5695,RM5695.60,glycan_holes,84,S336R,0.0
RM5695,RM5695.60,glycan_holes,112,S336R,0.0
RM5695,RM5695.60,glycan_holes,168,S336R,0.017
RM5695,RM5695.60,glycan_holes,336,S336R,0.0
RM5695,RM5695.60,glycan_holes,448,S336R,0.0
RM5695,RM5695.70,glycan_shield,0,T408N,0.0
RM5695,RM5695.70,glycan_shield,14,T408N,0.0
RM5695,RM5695.70,glycan_shield,28,T408N,0.0
RM5695,RM5695.70,glycan_shield,84,T408N,0.0
RM5695,RM5695.70,glycan_shield,112,T408N,0.0
RM5695,RM5695.70,glycan_shield,168,T408N,0.017
RM5695,RM5695.70,glycan_shield,336,T408N,0.0
RM5695,RM5695.70,glycan_shield,448,T408N,0.0
RM5695,RM5695.73,glycan_shield,0,Y609S,0.0
RM5695,RM5695.73,glycan_shield,14,Y609S,0.0
RM5695,RM5695.73,glycan_shield,28,Y609S,0.0
RM5695,RM5695.73,glycan_shield,84,Y609S,0.0
RM5695,RM5695.73,glycan_shield,112,Y609S,0.0
RM5695,RM5695.73,glycan_shield,168,Y609S,0.0
RM5695,RM5695.73,glycan_shield,336,Y609S,0.763
RM5695,RM5695.73,glycan_shield,448,Y609S,0.974
RM5695,RM5695.75,glycan_holes,0,N463D,0.0
RM5695,RM5695.75,glycan_holes,14,N463D,0.0
RM5695,RM5695.75,glycan_holes,28,N463D,0.0
RM5695,RM5695.75,glycan_holes,84,N463D,0.0
RM5695,RM5695.75,glycan_holes,112,N463D,0.0
RM5695,RM5695.75,glycan_holes,168,N463D,0.05
RM5695,RM5695.75,glycan_holes,336,N463D,0.0
RM5695,RM5695.75,glycan_holes,448,N463D,0.026
RM5695,RM5695.81,glycan_holes,0,N230S,0.0
RM5695,RM5695.81,glycan_holes,14,N230S,0.448
RM5695,RM5695.81,glycan_holes,28,N230S,0.0
RM5695,RM5695.81,glycan_holes,84,N230S,0.048
RM5695,RM5695.81,glycan_holes,112,N230S,0.0
RM5695,RM5695.81,glycan_holes,168,N230S,0.0
RM5695,RM5695.81,glycan_holes,336,N230S,0.0
RM5695,RM5695.81,glycan_holes,448,N230S,0.0
RM5695,RM5695.90,glycan_holes,0,N358T,0.0
RM5695,RM5695.90,glycan_holes,14,N358T,0.0
RM5695,RM5695.90,glycan_holes,28,N358T,0.0
RM5695,RM5695.90,glycan_holes,84,N358T,0.0
RM5695,RM5695.90,glycan_holes,112,N358T,0.0
RM5695,RM5695.90,glycan_holes,168,N358T,0.0
RM5695,RM5695.90,glycan_holes,336,N358T,0.026
RM5695,RM5695.90,glycan_holes,448,N358T,0.308
RM5695,RM5695.93,glycan_holes,0,T232A,0.0
RM5695,RM5695.93,glycan_holes,14,T232A,0.09
RM5695,RM5695.93,glycan_holes,28,T232A,0.0
RM5695,RM5695.93,glycan_holes,84,T232A,0.0
RM5695,RM5695.93,glycan_holes,112,T232A,0.0
RM5695,RM5695.93,glycan_holes,168,T232A,0.0
RM5695,RM5695.93,glycan_holes,336,T232A,0.0
RM5695,RM5695.93,glycan_holes,448,T232A,0.0
RM5695,RM5695.98,bnAbs_resistance,0,R166K,0.0
RM5695,RM5695.98,bnAbs_resistance,14,R166K,0.0
RM5695,RM5695.98,bnAbs_resistance,28,R166K,0.0
RM5695,RM5695.98,bnAbs_resistance,84,R166K,0.0
RM5695,RM5695.98,bnAbs_resistance,112,R166K,0.0
RM5695,RM5695.98,bnAbs_resistance,168,R166K,0.183
RM5695,RM5695.98,bnAbs_resistance,336,R166K,0.316
RM5695,RM5695.98,bnAbs_resistance,448,R166K,0.0
RM5695,RM5695.103,bnAbs_resistance,0,R169K,0.0
RM5695,RM5695.103,bnAbs_resistance,14,R169K,0.0
RM5695,RM5695.103,bnAbs_resistance,28,R169K,0.0
RM5695,RM5695.103,bnAbs_resistance,84,R169K,0.0
RM5695,RM5695.103,bnAbs_resistance,112,R169K,0.0
RM5695,RM5695.103,bnAbs_resistance,168,R169K,0.4
RM5695,RM5695.103,bnAbs_resistance,336,R169K,0.342
RM5695,RM5695.103,bnAbs_resistance,448,R169K,0.0
RM5695,RM5695.104,glycan_holes,0,S405-,0.0
RM5695,RM5695.104,glycan_holes,14,S405-,0.015
RM5695,RM5695.104,glycan_holes,28,S405-,0.0
RM5695,RM5695.104,glycan_holes,84,S405-,0.0
RM5695,RM5695.104,glycan_holes,112,S405-,0.0
RM5695,RM5695.104,glycan_holes,168,S405-,0.0
RM5695,RM5695.104,glycan_holes,336,S405-,0.0
RM5695,RM5695.104,glycan_holes,448,S405-,0.026
RM5695,RM5695.108,glycan_holes,0,N463S,0.0
RM5695,RM5695.108,glycan_holes,14,N463S,0.0
RM5695,RM5695.108,glycan_holes,28,N463S,0.0
RM5695,RM5695.108,glycan_holes,84,N463S,0.0
RM5695,RM5695.108,glycan_holes,112,N463S,0.0
RM5695,RM5695.108,glycan_holes,168,N463S,0.0
RM5695,RM5695.108,glycan_holes,336,N463S,0.053
RM5695,RM5695.108,glycan_holes,448,N463S,0.0
RM5695,RM5695.110,glycan_shield,0,T234N,0.0
RM5695,RM5695.110,glycan_shield,14,T234N,0.06
RM5695,RM5695.110,glycan_shield,28,T234N,0.217
RM5695,RM5695.110,glycan_shield,84,T234N,0.429
RM5695,RM5695.110,glycan_shield,112,T234N,0.759
RM5695,RM5695.110,glycan_shield,168,T234N,0.167
RM5695,RM5695.110,glycan_shield,336,T234N,0.289
RM5695,RM5695.110,glycan_shield,448,T234N,0.897
RM5695,RM5695.114,glycan_holes,0,N160Y,0.0
RM5695,RM5695.114,glycan_holes,14,N160Y,0.0
RM5695,RM5695.114,glycan_holes,28,N160Y,0.0
RM5695,RM5695.114,glycan_holes,84,N160Y,0.0
RM5695,RM5695.114,glycan_holes,112,N160Y,0.0
RM5695,RM5695.114,glycan_holes,168,N160Y,0.0
RM5695,RM5695.114,glycan_holes,336,N160Y,0.026
RM5695,RM5695.114,glycan_holes,448,N160Y,0.0
RM5695,RM5695.116,glycan_shift,0,T411N,0.0
RM5695,RM5695.116,glycan_shift,14,T411N,0.0
RM5695,RM5695.116,glycan_shift,28,T411N,0.0
RM5695,RM5695.116,glycan_shift,84,T411N,0.0
RM5695,RM5695.116,glycan_shift,112,T411N,0.0
RM5695,RM5695.116,glycan_shift,168,T411N,0.0
RM5695,RM5695.116,glycan_shift,336,T411N,0.947
RM5695,RM5695.116,glycan_shift,448,T411N,1.0
RM5695,RM5695.122,glycan_holes,0,T411A,0.0
RM5695,RM5695.122,glycan_holes,14,T411A,0.0
RM5695,RM5695.122,glycan_holes,28,T411A,0.0
RM5695,RM5695.122,glycan_holes,84,T411A,0.0
RM5695,RM5695.122,glycan_holes,112,T411A,0.034
RM5695,RM5695.122,glycan_holes,168,T411A,0.0
RM5695,RM5695.122,glycan_holes,336,T411A,0.0
RM5695,RM5695.122,glycan_holes,448,T411A,0.0
RM5695,RM5695.128,glycan_holes,0,N463T,0.0
RM5695,RM5695.128,glycan_holes,14,N463T,0.015
RM5695,RM5695.128,glycan_holes,28,N463T,0.609
RM5695,RM5695.128,glycan_holes,84,N463T,0.143
RM5695,RM5695.128,glycan_holes,112,N463T,0.103
RM5695,RM5695.128,glycan_holes,168,N463T,0.0
RM5695,RM5695.128,glycan_holes,336,N463T,0.0
RM5695,RM5695.128,glycan_holes,448,N463T,0.0
RM5695,RM5695.134,glycan_holes,0,N409E,0.0
RM5695,RM5695.134,glycan_holes,14,N409E,0.0
RM5695,RM5695.134,glycan_holes,28,N409E,0.0
RM5695,RM5695.134,glycan_holes,84,N409E,0.0
RM5695,RM5695.134,glycan_holes,112,N409E,0.0
RM5695,RM5695.134,glycan_holes,168,N409E,0.0
RM5695,RM5695.134,glycan_holes,336,N409E,0.947
RM5695,RM5695.134,glycan_holes,448,N409E,1.0
RM5695,RM5695.137,glycan_holes,0,S613I,0.0
RM5695,RM5695.137,glycan_holes,14,S613I,0.0
RM5695,RM5695.137,glycan_holes,28,S613I,0.0
RM5695,RM5695.137,glycan_holes,84,S613I,0.0
RM5695,RM5695.137,glycan_holes,112,S613I,0.0
RM5695,RM5695.137,glycan_holes,168,S613I,0.0
RM5695,RM5695.137,glycan_holes,336,S613I,0.0
RM5695,RM5695.137,glycan_holes,448,S613I,0.026
RM5695,RM5695.138,glycan_holes,0,S336G,0.0
RM5695,RM5695.138,glycan_holes,14,S336G,0.0
RM5695,RM5695.138,glycan_holes,28,S336G,0.0
RM5695,RM5695.138,glycan_holes,84,S336G,0.0
RM5695,RM5695.138,glycan_holes,112,S336G,0.0
RM5695,RM5695.138,glycan_holes,168,S336G,0.717
RM5695,RM5695.138,glycan_holes,336,S336G,0.184
RM5695,RM5695.138,glycan_holes,448,S336G,0.179
RM5695,RM5695.139,glycan_holes,0,N358S,0.0
RM5695,RM5695.139,glycan_holes,14,N358S,0.0
RM5695,RM5695.139,glycan_holes,28,N358S,0.0
RM5695,RM5695.139,glycan_holes,84,N358S,0.0
RM5695,RM5695.139,glycan_holes,112,N358S,0.034
RM5695,RM5695.139,glycan_holes,168,N358S,0.0
RM5695,RM5695.139,glycan_holes,336,N358S,0.0
RM5695,RM5695.139,glycan_holes,448,N358S,0.103
RM5695,RM5695.150,glycan_holes,0,N404M,0.0
RM5695,RM5695.150,glycan_holes,14,N404M,0.0
RM5695,RM5695.150,glycan_holes,28,N404M,0.0
RM5695,RM5695.150,glycan_holes,84,N404M,0.0
RM5695,RM5695.150,glycan_holes,112,N404M,0.0
RM5695,RM5695.150,glycan_holes,168,N404M,0.0
RM5695,RM5695.150,glycan_holes,336,N404M,0.947
RM5695,RM5695.150,glycan_holes,448,N404M,0.974
RM5695,RM5695.151,glycan_shift,0,T406N,0.0
RM5695,RM5695.151,glycan_shift,14,T406N,0.0
RM5695,RM5695.151,glycan_shift,28,T406N,0.0
RM5695,RM5695.151,glycan_shift,84,T406N,0.0
RM5695,RM5695.151,glycan_shift,112,T406N,0.0
RM5695,RM5695.151,glycan_shift,168,T406N,0.0
RM5695,RM5695.151,glycan_shift,336,T406N,0.947
RM5695,RM5695.151,glycan_shift,448,T406N,0.974
RM5695,RM5695.162,glycan_holes,0,N339S,0.0
RM5695,RM5695.162,glycan_holes,14,N339S,0.0
RM5695,RM5695.162,glycan_holes,28,N339S,0.0
RM5695,RM5695.162,glycan_holes,84,N339S,0.0
RM5695,RM5695.162,glycan_holes,112,N339S,0.0
RM5695,RM5695.162,glycan_holes,168,N339S,0.0
RM5695,RM5695.162,glycan_holes,336,N339S,0.0
RM5695,RM5695.162,glycan_holes,448,N339S,0.026
RM5695,RM5695.167,glycan_holes,0,N392D,0.0
RM5695,RM5695.167,glycan_holes,14,N392D,0.0
RM5695,RM5695.167,glycan_holes,28,N392D,0.043
RM5695,RM5695.167,glycan_holes,84,N392D,0.0
RM5695,RM5695.167,glycan_holes,112,N392D,0.0
RM5695,RM5695.167,glycan_holes,168,N392D,0.0
RM5695,RM5695.167,glycan_holes,336,N392D,0.0
RM5695,RM5695.167,glycan_holes,448,N392D,0.0
RM5695,RM5695.170,glycan_holes,0,T406-,0.0
RM5695,RM5695.170,glycan_holes,14,T406-,0.015
RM5695,RM5695.170,glycan_holes,28,T406-,0.0
RM5695,RM5695.170,glycan_holes,84,T406-,0.0
RM5695,RM5695.170,glycan_holes,112,T406-,0.0
RM5695,RM5695.170,glycan_holes,168,T406-,0.0
RM5695,RM5695.170,glycan_holes,336,T406-,0.0
RM5695,RM5695.170,glycan_holes,448,T406-,0.0
RM5695,RM5695.172,glycan_holes,0,N398-,0.0
RM5695,RM5695.172,glycan_holes,14,N398-,0.015
RM5695,RM5695.172,glycan_holes,28,N398-,0.0
RM5695,RM5695.172,glycan_holes,84,N398-,0.0
RM5695,RM5695.172,glycan_holes,112,N398-,0.0
RM5695,RM5695.172,glycan_holes,168,N398-,0.0
RM5695,RM5695.172,glycan_holes,336,N398-,0.0
RM5695,RM5695.172,glycan_holes,448,N398-,0.026
RM5695,RM5695.193,glycan_holes,0,T132I,0.0
RM5695,RM5695.193,glycan_holes,14,T132I,0.209
RM5695,RM5695.193,glycan_holes,28,T132I,0.0
RM5695,RM5695.193,glycan_holes,84,T132I,0.0
RM5695,RM5695.193,glycan_holes,112,T132I,0.0
RM5695,RM5695.193,glycan_holes,168,T132I,0.0
RM5695,RM5695.193,glycan_holes,336,T132I,0.0
RM5695,RM5695.193,glycan_holes,448,T132I,0.0
RM5695,RM5695.199,glycan_holes,0,N616S,0.0
RM5695,RM5695.199,glycan_holes,14,N616S,0.015
RM5695,RM5695.199,glycan_holes,28,N616S,0.0
RM5695,RM5695.199,glycan_holes,84,N616S,0.0
RM5695,RM5695.199,glycan_holes,112,N616S,0.0
RM5695,RM5695.199,glycan_holes,168,N616S,0.0
RM5695,RM5695.199,glycan_holes,336,N616S,0.0
RM5695,RM5695.199,glycan_holes,448,N616S,0.0
RM5695,RM5695.201,glycan_holes,0,N611D,0.0
RM5695,RM5695.201,glycan_holes,14,N611D,0.0
RM5695,RM5695.201,glycan_holes,28,N611D,0.0
RM5695,RM5695.201,glycan_holes,84,N611D,0.0
RM5695,RM5695.201,glycan_holes,112,N611D,0.0
RM5695,RM5695.201,glycan_holes,168,N611D,0.017
RM5695,RM5695.201,glycan_holes,336,N611D,0.0
RM5695,RM5695.201,glycan_holes,448,N611D,0.0
RM5695,RM5695.209,glycan_holes,0,T465E,0.0
RM5695,RM5695.209,glycan_holes,14,T465E,0.0
RM5695,RM5695.209,glycan_holes,28,T465E,0.0
RM5695,RM5695.209,glycan_holes,84,T465E,0.0
RM5695,RM5695.209,glycan_holes,112,T465E,0.034
RM5695,RM5695.209,glycan_holes,168,T465E,0.0
RM5695,RM5695.209,glycan_holes,336,T465E,0.0
RM5695,RM5695.209,glycan_holes,448,T465E,0.154
RM5695,RM5695.216,glycan_holes,0,N133D,0.0
RM5695,RM5695.216,glycan_holes,14,N133D,0.0
RM5695,RM5695.216,glycan_holes,28,N133D,0.0
RM5695,RM5695.216,glycan_holes,84,N133D,0.0
RM5695,RM5695.216,glycan_holes,112,N133D,0.0
RM5695,RM5695.216,glycan_holes,168,N133D,0.0
RM5695,RM5695.216,glycan_holes,336,N133D,0.026
RM5695,RM5695.216,glycan_holes,448,N133D,0.0
RM5695,RM5695.217,glycan_shift,0,T135N,0.0
RM5695,RM5695.217,glycan_shift,14,T135N,0.0
RM5695,RM5695.217,glycan_shift,28,T135N,0.0
RM5695,RM5695.217,glycan_shift,84,T135N,0.0
RM5695,RM5695.217,glycan_shift,112,T135N,0.0
RM5695,RM5695.217,glycan_shift,168,T135N,0.0
RM5695,RM5695.217,glycan_shift,336,T135N,0.0
RM5695,RM5695.217,glycan_shift,448,T135N,0.154
RM5695,RM5695.241,glycan_holes,0,T465M,0.0
RM5695,RM5695.241,glycan_holes,14,T465M,0.0
RM5695,RM5695.241,glycan_holes,28,T465M,0.0
RM5695,RM5695.241,glycan_holes,84,T465M,0.0
RM5695,RM5695.241,glycan_holes,112,T465M,0.0
RM5695,RM5695.241,glycan_holes,168,T465M,0.0
RM5695,RM5695.241,glycan_holes,336,T465M,0.0
RM5695,RM5695.241,glycan_holes,448,T465M,0.026
RM5695,RM5695.244,glycan_holes,0,S291P,0.0
RM5695,RM5695.244,glycan_holes,14,S291P,0.0
RM5695,RM5695.244,glycan_holes,28,S291P,0.0
RM5695,RM5695.244,glycan_holes,84,S291P,0.0
RM5695,RM5695.244,glycan_holes,112,S291P,0.103
RM5695,RM5695.244,glycan_holes,168,S291P,0.067
RM5695,RM5695.244,glycan_holes,336,S291P,0.0
RM5695,RM5695.244,glycan_holes,448,S291P,0.0
RM5695,RM5695.246,glycan_holes,0,T162A,0.0
RM5695,RM5695.246,glycan_holes,14,T162A,0.0
RM5695,RM5695.246,glycan_holes,28,T162A,0.0
RM5695,RM5695.246,glycan_holes,84,T162A,0.0
RM5695,RM5695.246,glycan_holes,112,T162A,0.0
RM5695,RM5695.246,glycan_holes,168,T162A,0.017
RM5695,RM5695.246,glycan_holes,336,T162A,0.0
RM5695,RM5695.246,glycan_holes,448,T162A,0.0
RM5695,RM5695.253,glycan_holes,0,S158F,0.0
RM5695,RM5695.253,glycan_holes,14,S158F,0.0
RM5695,RM5695.253,glycan_holes,28,S158F,0.0
RM5695,RM5695.253,glycan_holes,84,S158F,0.0
RM5695,RM5695.253,glycan_holes,112,S158F,0.0
RM5695,RM5695.253,glycan_holes,168,S158F,0.017
RM5695,RM5695.253,glycan_holes,336,S158F,0.0
RM5695,RM5695.253,glycan_holes,448,S158F,0.0
RM5695,RM5695.259,glycan_holes,0,T303A,0.0
RM5695,RM5695.259,glycan_holes,14,T303A,0.0
RM5695,RM5695.259,glycan_holes,28,T303A,0.0
RM5695,RM5695.259,glycan_holes,84,T303A,0.0
RM5695,RM5695.259,glycan_holes,112,T303A,0.0
RM5695,RM5695.259,glycan_holes,168,T303A,0.0
RM5695,RM5695.259,glycan_holes,336,T303A,0.026
RM5695,RM5695.259,glycan_holes,448,T303A,0.0
RM5695,RM5695.264,glycan_holes,0,T465A,0.0
RM5695,RM5695.264,glycan_holes,14,T465A,0.045
RM5695,RM5695.264,glycan_holes,28,T465A,0.348
RM5695,RM5695.264,glycan_holes,84,T465A,0.81
RM5695,RM5695.264,glycan_holes,112,T465A,0.759
RM5695,RM5695.264,glycan_holes,168,T465A,0.017
RM5695,RM5695.264,glycan_holes,336,T465A,0.079
RM5695,RM5695.264,glycan_holes,448,T465A,0.744
RM5695,RM5695.274,glycan_holes,0,S612P,0.0
RM5695,RM5695.274,glycan_holes,14,S612P,0.0
RM5695,RM5695.274,glycan_holes,28,S612P,0.0
RM5695,RM5695.274,glycan_holes,84,S612P,0.0
RM5695,RM5695.274,glycan_holes,112,S612P,0.0
RM5695,RM5695.274,glycan_holes,168,S612P,0.017
RM5695,RM5695.274,glycan_holes,336,S612P,0.053
RM5695,RM5695.274,glycan_holes,448,S612P,0.0
RM6072,RM6072.4,glycan_shift,0,N334S,0.0
RM6072,RM6072.4,glycan_shift,27,N334S,0.167
RM6072,RM6072.4,glycan_shift,70,N334S,1.0
RM6072,RM6072.4,glycan_shift,140,N334S,1.0
RM6072,RM6072.4,glycan_shift,224,N334S,1.0
RM6072,RM6072.4,glycan_shift,252,N334S,1.0
RM6072,RM6072.4,glycan_shift,308,N334S,1.0
RM6072,RM6072.4,glycan_shift,366,N334S,1.0
RM6072,RM6072.4,glycan_shift,476,N334S,1.0
RM6072,RM6072.4,glycan_shift,588,N334S,1.0
RM6072,RM6072.4,glycan_shift,643,N334S,1.0
RM6072,RM6072.4,glycan_shift,728,N334S,1.0
RM6072,RM6072.4,glycan_shift,783,N334S,1.0
RM6072,RM6072.5,increase_VL,0,N334S,0.0
RM6072,RM6072.5,increase_VL,27,N334S,0.167
RM6072,RM6072.5,increase_VL,70,N334S,1.0
RM6072,RM6072.5,increase_VL,140,N334S,1.0
RM6072,RM6072.5,increase_VL,224,N334S,1.0
RM6072,RM6072.5,increase_VL,252,N334S,1.0
RM6072,RM6072.5,increase_VL,308,N334S,1.0
RM6072,RM6072.5,increase_VL,366,N334S,1.0
RM6072,RM6072.5,increase_VL,476,N334S,1.0
RM6072,RM6072.5,increase_VL,588,N334S,1.0
RM6072,RM6072.5,increase_VL,643,N334S,1.0
RM6072,RM6072.5,increase_VL,728,N334S,1.0
RM6072,RM6072.5,increase_VL,783,N334S,1.0
RM6072,RM6072.6,glycan_shield,0,T234N,0.0
RM6072,RM6072.6,glycan_shield,27,T234N,0.0
RM6072,RM6072.6,glycan_shield,70,T234N,0.0
RM6072,RM6072.6,glycan_shield,140,T234N,0.143
RM6072,RM6072.6,glycan_shield,224,T234N,0.091
RM6072,RM6072.6,glycan_shield,252,T234N,0.348
RM6072,RM6072.6,glycan_shield,308,T234N,0.909
RM6072,RM6072.6,glycan_shield,366,T234N,1.0
RM6072,RM6072.6,glycan_shield,476,T234N,1.0
RM6072,RM6072.6,glycan_shield,588,T234N,1.0
RM6072,RM6072.6,glycan_shield,643,T234N,1.0
RM6072,RM6072.6,glycan_shield,728,T234N,1.0
RM6072,RM6072.6,glycan_shield,783,T234N,1.0
RM6072,RM6072.9,increase_VL,0,Y330H,0.0
RM6072,RM6072.9,increase_VL,27,Y330H,0.0
RM6072,RM6072.9,increase_VL,70,Y330H,0.0
RM6072,RM6072.9,increase_VL,140,Y330H,0.971
RM6072,RM6072.9,increase_VL,224,Y330H,1.0
RM6072,RM6072.9,increase_VL,252,Y330H,1.0
RM6072,RM6072.9,increase_VL,308,Y330H,1.0
RM6072,RM6072.9,increase_VL,366,Y330H,1.0
RM6072,RM6072.9,increase_VL,476,Y330H,1.0
RM6072,RM6072.9,increase_VL,588,Y330H,1.0
RM6072,RM6072.9,increase_VL,643,Y330H,1.0
RM6072,RM6072.9,increase_VL,728,Y330H,1.0
RM6072,RM6072.9,increase_VL,783,Y330H,1.0
RM6072,RM6072.11,increase_VL,0,H417R,0.0
RM6072,RM6072.11,increase_VL,27,H417R,0.0
RM6072,RM6072.11,increase_VL,70,H417R,0.863
RM6072,RM6072.11,increase_VL,140,H417R,0.943
RM6072,RM6072.11,increase_VL,224,H417R,1.0
RM6072,RM6072.11,increase_VL,252,H417R,1.0
RM6072,RM6072.11,increase_VL,308,H417R,1.0
RM6072,RM6072.11,increase_VL,366,H417R,1.0
RM6072,RM6072.11,increase_VL,476,H417R,1.0
RM6072,RM6072.11,increase_VL,588,H417R,1.0
RM6072,RM6072.11,increase_VL,643,H417R,1.0
RM6072,RM6072.11,increase_VL,728,H417R,1.0
RM6072,RM6072.11,increase_VL,783,H417R,1.0
RM6072,RM6072.15,glycan_holes,0,T618N,0.0
RM6072,RM6072.15,glycan_holes,27,T618N,0.0
RM6072,RM6072.15,glycan_holes,70,T618N,0.0
RM6072,RM6072.15,glycan_holes,140,T618N,0.0
RM6072,RM6072.15,glycan_holes,224,T618N,0.0
RM6072,RM6072.15,glycan_holes,252,T618N,0.0
RM6072,RM6072.15,glycan_holes,308,T618N,0.409
RM6072,RM6072.15,glycan_holes,366,T618N,0.707
RM6072,RM6072.15,glycan_holes,476,T618N,0.769
RM6072,RM6072.15,glycan_holes,588,T618N,1.0
RM6072,RM6072.15,glycan_holes,643,T618N,1.0
RM6072,RM6072.15,glycan_holes,728,T618N,1.0
RM6072,RM6072.15,glycan_holes,783,T618N,1.0
RM6072,RM6072.22,glycan_holes,0,T406I,0.0
RM6072,RM6072.22,glycan_holes,27,T406I,0.0
RM6072,RM6072.22,glycan_holes,70,T406I,0.0
RM6072,RM6072.22,glycan_holes,140,T406I,0.0
RM6072,RM6072.22,glycan_holes,224,T406I,0.0
RM6072,RM6072.22,glycan_holes,252,T406I,0.0
RM6072,RM6072.22,glycan_holes,308,T406I,0.0
RM6072,RM6072.22,glycan_holes,366,T406I,0.0
RM6072,RM6072.22,glycan_holes,476,T406I,0.231
RM6072,RM6072.22,glycan_holes,588,T406I,0.414
RM6072,RM6072.22,glycan_holes,643,T406I,0.529
RM6072,RM6072.22,glycan_holes,728,T406I,0.0
RM6072,RM6072.22,glycan_holes,783,T406I,0.083
RM6072,RM6072.26,increase_VL,0,N279D,0.0
RM6072,RM6072.26,increase_VL,27,N279D,0.0
RM6072,RM6072.26,increase_VL,70,N279D,0.0
RM6072,RM6072.26,increase_VL,140,N279D,0.886
RM6072,RM6072.26,increase_VL,224,N279D,0.955
RM6072,RM6072.26,increase_VL,252,N279D,0.913
RM6072,RM6072.26,increase_VL,308,N279D,0.955
RM6072,RM6072.26,increase_VL,366,N279D,1.0
RM6072,RM6072.26,increase_VL,476,N279D,1.0
RM6072,RM6072.26,increase_VL,588,N279D,1.0
RM6072,RM6072.26,increase_VL,643,N279D,1.0
RM6072,RM6072.26,increase_VL,728,N279D,1.0
RM6072,RM6072.26,increase_VL,783,N279D,1.0
RM6072,RM6072.38,glycan_shield,0,-147N,0.0
RM6072,RM6072.38,glycan_shield,27,-147N,0.0
RM6072,RM6072.38,glycan_shield,70,-147N,0.0
RM6072,RM6072.38,glycan_shield,140,-147N,0.0
RM6072,RM6072.38,glycan_shield,224,-147N,0.773
RM6072,RM6072.38,glycan_shield,252,-147N,1.0
RM6072,RM6072.38,glycan_shield,308,-147N,1.0
RM6072,RM6072.38,glycan_shield,366,-147N,1.0
RM6072,RM6072.38,glycan_shield,476,-147N,1.0
RM6072,RM6072.38,glycan_shield,588,-147N,1.0
RM6072,RM6072.38,glycan_shield,643,-147N,1.0
RM6072,RM6072.38,glycan_shield,728,-147N,1.0
RM6072,RM6072.38,glycan_shield,783,-147N,1.0
RM6072,RM6072.44,glycan_holes,0,N404M,0.0
RM6072,RM6072.44,glycan_holes,27,N404M,0.0
RM6072,RM6072.44,glycan_holes,70,N404M,0.0
RM6072,RM6072.44,glycan_holes,140,N404M,0.0
RM6072,RM6072.44,glycan_holes,224,N404M,0.0
RM6072,RM6072.44,glycan_holes,252,N404M,0.0
RM6072,RM6072.44,glycan_holes,308,N404M,0.0
RM6072,RM6072.44,glycan_holes,366,N404M,0.0
RM6072,RM6072.44,glycan_holes,476,N404M,0.0
RM6072,RM6072.44,glycan_holes,588,N404M,0.138
RM6072,RM6072.44,glycan_holes,643,N404M,0.294
RM6072,RM6072.44,glycan_holes,728,N404M,0.474
RM6072,RM6072.44,glycan_holes,783,N404M,0.417
RM6072,RM6072.47,glycan_shift,0,T406N,0.0
RM6072,RM6072.47,glycan_shift,27,T406N,0.0
RM6072,RM6072.47,glycan_shift,70,T406N,0.0
RM6072,RM6072.47,glycan_shift,140,T406N,0.0
RM6072,RM6072.47,glycan_shift,224,T406N,0.0
RM6072,RM6072.47,glycan_shift,252,T406N,0.0
RM6072,RM6072.47,glycan_shift,308,T406N,0.0
RM6072,RM6072.47,glycan_shift,366,T406N,0.0
RM6072,RM6072.47,glycan_shift,476,T406N,0.0
RM6072,RM6072.47,glycan_shift,588,T406N,0.0
RM6072,RM6072.47,glycan_shift,643,T406N,0.0
RM6072,RM6072.47,glycan_shift,728,T406N,0.0
RM6072,RM6072.47,glycan_shift,783,T406N,0.083
RM6072,RM6072.55,glycan_holes,0,T406D,0.0
RM6072,RM6072.55,glycan_holes,27,T406D,0.0
RM6072,RM6072.55,glycan_holes,70,T406D,0.0
RM6072,RM6072.55,glycan_holes,140,T406D,0.0
RM6072,RM6072.55,glycan_holes,224,T406D,0.0
RM6072,RM6072.55,glycan_holes,252,T406D,0.0
RM6072,RM6072.55,glycan_holes,308,T406D,0.0
RM6072,RM6072.55,glycan_holes,366,T406D,0.0
RM6072,RM6072.55,glycan_holes,476,T406D,0.0
RM6072,RM6072.55,glycan_holes,588,T406D,0.0
RM6072,RM6072.55,glycan_holes,643,T406D,0.0
RM6072,RM6072.55,glycan_holes,728,T406D,0.053
RM6072,RM6072.55,glycan_holes,783,T406D,0.0
RM6072,RM6072.60,glycan_holes,0,N404D,0.0
RM6072,RM6072.60,glycan_holes,27,N404D,0.0
RM6072,RM6072.60,glycan_holes,70,N404D,0.0
RM6072,RM6072.60,glycan_holes,140,N404D,0.0
RM6072,RM6072.60,glycan_holes,224,N404D,0.0
RM6072,RM6072.60,glycan_holes,252,N404D,0.0
RM6072,RM6072.60,glycan_holes,308,N404D,0.0
RM6072,RM6072.60,glycan_holes,366,N404D,0.049
RM6072,RM6072.60,glycan_holes,476,N404D,0.154
RM6072,RM6072.60,glycan_holes,588,N404D,0.103
RM6072,RM6072.60,glycan_holes,643,N404D,0.118
RM6072,RM6072.60,glycan_holes,728,N404D,0.053
RM6072,RM6072.60,glycan_holes,783,N404D,0.333
RM6072,RM6072.64,glycan_holes,0,N276D,0.0
RM6072,RM6072.64,glycan_holes,27,N276D,0.0
RM6072,RM6072.64,glycan_holes,70,N276D,0.784
RM6072,RM6072.64,glycan_holes,140,N276D,0.029
RM6072,RM6072.64,glycan_holes,224,N276D,0.0
RM6072,RM6072.64,glycan_holes,252,N276D,0.0
RM6072,RM6072.64,glycan_holes,308,N276D,0.0
RM6072,RM6072.64,glycan_holes,366,N276D,0.0
RM6072,RM6072.64,glycan_holes,476,N276D,0.0
RM6072,RM6072.64,glycan_holes,588,N276D,0.0
RM6072,RM6072.64,glycan_holes,643,N276D,0.0
RM6072,RM6072.64,glycan_holes,728,N276D,0.0
RM6072,RM6072.64,glycan_holes,783,N276D,0.0
RM6072,RM6072.76,glycan_holes,0,N130D,0.0
RM6072,RM6072.76,glycan_holes,27,N130D,0.0
RM6072,RM6072.76,glycan_holes,70,N130D,0.451
RM6072,RM6072.76,glycan_holes,140,N130D,0.6
RM6072,RM6072.76,glycan_holes,224,N130D,0.909
RM6072,RM6072.76,glycan_holes,252,N130D,1.0
RM6072,RM6072.76,glycan_holes,308,N130D,1.0
RM6072,RM6072.76,glycan_holes,366,N130D,1.0
RM6072,RM6072.76,glycan_holes,476,N130D,1.0
RM6072,RM6072.76,glycan_holes,588,N130D,1.0
RM6072,RM6072.76,glycan_holes,643,N130D,1.0
RM6072,RM6072.76,glycan_holes,728,N130D,0.947
RM6072,RM6072.76,glycan_holes,783,N130D,0.833
RM6072,RM6072.77,increase_VL,0,N130D,0.0
RM6072,RM6072.77,increase_VL,27,N130D,0.0
RM6072,RM6072.77,increase_VL,70,N130D,0.451
RM6072,RM6072.77,increase_VL,140,N130D,0.6
RM6072,RM6072.77,increase_VL,224,N130D,0.909
RM6072,RM6072.77,increase_VL,252,N130D,1.0
RM6072,RM6072.77,increase_VL,308,N130D,1.0
RM6072,RM6072.77,increase_VL,366,N130D,1.0
RM6072,RM6072.77,increase_VL,476,N130D,1.0
RM6072,RM6072.77,increase_VL,588,N130D,1.0
RM6072,RM6072.77,increase_VL,643,N130D,1.0
RM6072,RM6072.77,increase_VL,728,N130D,0.947
RM6072,RM6072.77,increase_VL,783,N130D,0.833
RM6072,RM6072.82,glycan_holes,0,T406A,0.0
RM6072,RM6072.82,glycan_holes,27,T406A,0.0
RM6072,RM6072.82,glycan_holes,70,T406A,0.0
RM6072,RM6072.82,glycan_holes,140,T406A,0.0
RM6072,RM6072.82,glycan_holes,224,T406A,0.0
RM6072,RM6072.82,glycan_holes,252,T406A,0.0
RM6072,RM6072.82,glycan_holes,308,T406A,0.0
RM6072,RM6072.82,glycan_holes,366,T406A,0.024
RM6072,RM6072.82,glycan_holes,476,T406A,0.154
RM6072,RM6072.82,glycan_holes,588,T406A,0.379
RM6072,RM6072.82,glycan_holes,643,T406A,0.059
RM6072,RM6072.82,glycan_holes,728,T406A,0.053
RM6072,RM6072.82,glycan_holes,783,T406A,0.0
RM6072,RM6072.102,glycan_holes,0,T406G,0.0
RM6072,RM6072.102,glycan_holes,27,T406G,0.0
RM6072,RM6072.102,glycan_holes,70,T406G,0.0
RM6072,RM6072.102,glycan_holes,140,T406G,0.0
RM6072,RM6072.102,glycan_holes,224,T406G,0.0
RM6072,RM6072.102,glycan_holes,252,T406G,0.0
RM6072,RM6072.102,glycan_holes,308,T406G,0.0
RM6072,RM6072.102,glycan_holes,366,T406G,0.0
RM6072,RM6072.102,glycan_holes,476,T406G,0.0
RM6072,RM6072.102,glycan_holes,588,T406G,0.0
RM6072,RM6072.102,glycan_holes,643,T406G,0.0
RM6072,RM6072.102,glycan_holes,728,T406G,0.053
RM6072,RM6072.102,glycan_holes,783,T406G,0.0
RM6072,RM6072.103,glycan_holes,0,N404A,0.0
RM6072,RM6072.103,glycan_holes,27,N404A,0.0
RM6072,RM6072.103,glycan_holes,70,N404A,0.0
RM6072,RM6072.103,glycan_holes,140,N404A,0.0
RM6072,RM6072.103,glycan_holes,224,N404A,0.0
RM6072,RM6072.103,glycan_holes,252,N404A,0.0
RM6072,RM6072.103,glycan_holes,308,N404A,0.0
RM6072,RM6072.103,glycan_holes,366,N404A,0.0
RM6072,RM6072.103,glycan_holes,476,N404A,0.0
RM6072,RM6072.103,glycan_holes,588,N404A,0.034
RM6072,RM6072.103,glycan_holes,643,N404A,0.0
RM6072,RM6072.103,glycan_holes,728,N404A,0.421
RM6072,RM6072.103,glycan_holes,783,N404A,0.167
RM6072,RM6072.104,glycan_holes,0,T132A,0.0
RM6072,RM6072.104,glycan_holes,27,T132A,0.0
RM6072,RM6072.104,glycan_holes,70,T132A,0.039
RM6072,RM6072.104,glycan_holes,140,T132A,0.0
RM6072,RM6072.104,glycan_holes,224,T132A,0.0
RM6072,RM6072.104,glycan_holes,252,T132A,0.0
RM6072,RM6072.104,glycan_holes,308,T132A,0.0
RM6072,RM6072.104,glycan_holes,366,T132A,0.0
RM6072,RM6072.104,glycan_holes,476,T132A,0.0
RM6072,RM6072.104,glycan_holes,588,T132A,0.0
RM6072,RM6072.104,glycan_holes,643,T132A,0.0
RM6072,RM6072.104,glycan_holes,728,T132A,0.0
RM6072,RM6072.104,glycan_holes,783,T132A,0.0
RM6072,RM6072.109,glycan_holes,0,T411G,0.0
RM6072,RM6072.109,glycan_holes,27,T411G,0.0
RM6072,RM6072.109,glycan_holes,70,T411G,0.0
RM6072,RM6072.109,glycan_holes,140,T411G,0.0
RM6072,RM6072.109,glycan_holes,224,T411G,0.0
RM6072,RM6072.109,glycan_holes,252,T411G,0.0
RM6072,RM6072.109,glycan_holes,308,T411G,0.0
RM6072,RM6072.109,glycan_holes,366,T411G,0.0
RM6072,RM6072.109,glycan_holes,476,T411G,0.0
RM6072,RM6072.109,glycan_holes,588,T411G,0.0
RM6072,RM6072.109,glycan_holes,643,T411G,0.0
RM6072,RM6072.109,glycan_holes,728,T411G,0.105
RM6072,RM6072.109,glycan_holes,783,T411G,0.083
RM6072,RM6072.114,glycan_shift,0,T411N,0.0
RM6072,RM6072.114,glycan_shift,27,T411N,0.0
RM6072,RM6072.114,glycan_shift,70,T411N,0.0
RM6072,RM6072.114,glycan_shift,140,T411N,0.0
RM6072,RM6072.114,glycan_shift,224,T411N,0.0
RM6072,RM6072.114,glycan_shift,252,T411N,0.0
RM6072,RM6072.114,glycan_shift,308,T411N,0.0
RM6072,RM6072.114,glycan_shift,366,T411N,0.0
RM6072,RM6072.114,glycan_shift,476,T411N,0.0
RM6072,RM6072.114,glycan_shift,588,T411N,0.0
RM6072,RM6072.114,glycan_shift,643,T411N,0.0
RM6072,RM6072.114,glycan_shift,728,T411N,0.053
RM6072,RM6072.114,glycan_shift,783,T411N,0.0
RM6072,RM6072.115,glycan_holes,0,T406-,0.0
RM6072,RM6072.115,glycan_holes,27,T406-,0.0
RM6072,RM6072.115,glycan_holes,70,T406-,0.0
RM6072,RM6072.115,glycan_holes,140,T406-,0.0
RM6072,RM6072.115,glycan_holes,224,T406-,0.0
RM6072,RM6072.115,glycan_holes,252,T406-,0.0
RM6072,RM6072.115,glycan_holes,308,T406-,0.091
RM6072,RM6072.115,glycan_holes,366,T406-,0.024
RM6072,RM6072.115,glycan_holes,476,T406-,0.077
RM6072,RM6072.115,glycan_holes,588,T406-,0.0
RM6072,RM6072.115,glycan_holes,643,T406-,0.0
RM6072,RM6072.115,glycan_holes,728,T406-,0.0
RM6072,RM6072.115,glycan_holes,783,T406-,0.0
RM6072,RM6072.117,glycan_holes,0,T132I,0.0
RM6072,RM6072.117,glycan_holes,27,T132I,0.0
RM6072,RM6072.117,glycan_holes,70,T132I,0.176
RM6072,RM6072.117,glycan_holes,140,T132I,0.029
RM6072,RM6072.117,glycan_holes,224,T132I,0.0
RM6072,RM6072.117,glycan_holes,252,T132I,0.0
RM6072,RM6072.117,glycan_holes,308,T132I,0.0
RM6072,RM6072.117,glycan_holes,366,T132I,0.0
RM6072,RM6072.117,glycan_holes,476,T132I,0.0
RM6072,RM6072.117,glycan_holes,588,T132I,0.0
RM6072,RM6072.117,glycan_holes,643,T132I,0.0
RM6072,RM6072.117,glycan_holes,728,T132I,0.0
RM6072,RM6072.117,glycan_holes,783,T132I,0.0
RM6072,RM6072.129,glycan_holes,0,N276S,0.0
RM6072,RM6072.129,glycan_holes,27,N276S,0.056
RM6072,RM6072.129,glycan_holes,70,N276S,0.0
RM6072,RM6072.129,glycan_holes,140,N276S,0.0
RM6072,RM6072.129,glycan_holes,224,N276S,0.0
RM6072,RM6072.129,glycan_holes,252,N276S,0.0
RM6072,RM6072.129,glycan_holes,308,N276S,0.0
RM6072,RM6072.129,glycan_holes,366,N276S,0.0
RM6072,RM6072.129,glycan_holes,476,N276S,0.0
RM6072,RM6072.129,glycan_holes,588,N276S,0.0
RM6072,RM6072.129,glycan_holes,643,N276S,0.0
RM6072,RM6072.129,glycan_holes,728,N276S,0.0
RM6072,RM6072.129,glycan_holes,783,N276S,0.0
RM6072,RM6072.133,glycan_holes,0,N409T,0.0
RM6072,RM6072.133,glycan_holes,27,N409T,0.0
RM6072,RM6072.133,glycan_holes,70,N409T,0.0
RM6072,RM6072.133,glycan_holes,140,N409T,0.0
RM6072,RM6072.133,glycan_holes,224,N409T,0.0
RM6072,RM6072.133,glycan_holes,252,N409T,0.0
RM6072,RM6072.133,glycan_holes,308,N409T,0.0
RM6072,RM6072.133,glycan_holes,366,N409T,0.0
RM6072,RM6072.133,glycan_holes,476,N409T,0.0
RM6072,RM6072.133,glycan_holes,588,N409T,0.034
RM6072,RM6072.133,glycan_holes,643,N409T,0.0
RM6072,RM6072.133,glycan_holes,728,N409T,0.421
RM6072,RM6072.133,glycan_holes,783,N409T,0.25
RM6072,RM6072.135,increase_VL,0,K302N,0.0
RM6072,RM6072.135,increase_VL,27,K302N,0.0
RM6072,RM6072.135,increase_VL,70,K302N,0.0
RM6072,RM6072.135,increase_VL,140,K302N,0.6
RM6072,RM6072.135,increase_VL,224,K302N,0.682
RM6072,RM6072.135,increase_VL,252,K302N,1.0
RM6072,RM6072.135,increase_VL,308,K302N,1.0
RM6072,RM6072.135,increase_VL,366,K302N,1.0
RM6072,RM6072.135,increase_VL,476,K302N,1.0
RM6072,RM6072.135,increase_VL,588,K302N,1.0
RM6072,RM6072.135,increase_VL,643,K302N,1.0
RM6072,RM6072.135,increase_VL,728,K302N,1.0
RM6072,RM6072.135,increase_VL,783,K302N,1.0
RM6072,RM6072.138,glycan_holes,0,T411P,0.0
RM6072,RM6072.138,glycan_holes,27,T411P,0.0
RM6072,RM6072.138,glycan_holes,70,T411P,0.0
RM6072,RM6072.138,glycan_holes,140,T411P,0.029
RM6072,RM6072.138,glycan_holes,224,T411P,0.0
RM6072,RM6072.138,glycan_holes,252,T411P,0.0
RM6072,RM6072.138,glycan_holes,308,T411P,0.0
RM6072,RM6072.138,glycan_holes,366,T411P,0.0
RM6072,RM6072.138,glycan_holes,476,T411P,0.0
RM6072,RM6072.138,glycan_holes,588,T411P,0.0
RM6072,RM6072.138,glycan_holes,643,T411P,0.0
RM6072,RM6072.138,glycan_holes,728,T411P,0.0
RM6072,RM6072.138,glycan_holes,783,T411P,0.0
RM6072,RM6072.157,glycan_holes,0,N463K,0.0
RM6072,RM6072.157,glycan_holes,27,N463K,0.0
RM6072,RM6072.157,glycan_holes,70,N463K,0.0
RM6072,RM6072.157,glycan_holes,140,N463K,0.0
RM6072,RM6072.157,glycan_holes,224,N463K,0.0
RM6072,RM6072.157,glycan_holes,252,N463K,0.0
RM6072,RM6072.157,glycan_holes,308,N463K,0.0
RM6072,RM6072.157,glycan_holes,366,N463K,0.0
RM6072,RM6072.157,glycan_holes,476,N463K,0.0
RM6072,RM6072.157,glycan_holes,588,N463K,0.0
RM6072,RM6072.157,glycan_holes,643,N463K,0.0
RM6072,RM6072.157,glycan_holes,728,N463K,0.105
RM6072,RM6072.157,glycan_holes,783,N463K,0.083
RM6072,RM6072.160,glycan_holes,0,S405-,0.0
RM6072,RM6072.160,glycan_holes,27,S405-,0.0
RM6072,RM6072.160,glycan_holes,70,S405-,0.0
RM6072,RM6072.160,glycan_holes,140,S405-,0.0
RM6072,RM6072.160,glycan_holes,224,S405-,0.0
RM6072,RM6072.160,glycan_holes,252,S405-,0.0
RM6072,RM6072.160,glycan_holes,308,S405-,0.091
RM6072,RM6072.160,glycan_holes,366,S405-,0.024
RM6072,RM6072.160,glycan_holes,476,S405-,0.077
RM6072,RM6072.160,glycan_holes,588,S405-,0.0
RM6072,RM6072.160,glycan_holes,643,S405-,0.0
RM6072,RM6072.160,glycan_holes,728,S405-,0.0
RM6072,RM6072.160,glycan_holes,783,S405-,0.0
RM6072,RM6072.163,glycan_holes,0,K231-,0.0
RM6072,RM6072.163,glycan_holes,27,K231-,0.0
RM6072,RM6072.163,glycan_holes,70,K231-,0.0
RM6072,RM6072.163,glycan_holes,140,K231-,0.0
RM6072,RM6072.163,glycan_holes,224,K231-,0.0
RM6072,RM6072.163,glycan_holes,252,K231-,0.0
RM6072,RM6072.163,glycan_holes,308,K231-,0.045
RM6072,RM6072.163,glycan_holes,366,K231-,0.0
RM6072,RM6072.163,glycan_holes,476,K231-,0.0
RM6072,RM6072.163,glycan_holes,588,K231-,0.0
RM6072,RM6072.163,glycan_holes,643,K231-,0.0
RM6072,RM6072.163,glycan_holes,728,K231-,0.0
RM6072,RM6072.163,glycan_holes,783,K231-,0.0
RM6072,RM6072.164,glycan_shift,0,T232N,0.0
RM6072,RM6072.164,glycan_shift,27,T232N,0.0
RM6072,RM6072.164,glycan_shift,70,T232N,0.0
RM6072,RM6072.164,glycan_shift,140,T232N,0.0
RM6072,RM6072.164,glycan_shift,224,T232N,0.0
RM6072,RM6072.164,glycan_shift,252,T232N,0.0
RM6072,RM6072.164,glycan_shift,308,T232N,0.045
RM6072,RM6072.164,glycan_shift,366,T232N,0.0
RM6072,RM6072.164,glycan_shift,476,T232N,0.0
RM6072,RM6072.164,glycan_shift,588,T232N,0.0
RM6072,RM6072.164,glycan_shift,643,T232N,0.0
RM6072,RM6072.164,glycan_shift,728,T232N,0.0
RM6072,RM6072.164,glycan_shift,783,T232N,0.0
RM6072,RM6072.171,glycan_holes,0,N463D,0.0
RM6072,RM6072.171,glycan_holes,27,N463D,0.0
RM6072,RM6072.171,glycan_holes,70,N463D,0.0
RM6072,RM6072.171,glycan_holes,140,N463D,0.0
RM6072,RM6072.171,glycan_holes,224,N463D,0.0
RM6072,RM6072.171,glycan_holes,252,N463D,0.0
RM6072,RM6072.171,glycan_holes,308,N463D,0.0
RM6072,RM6072.171,glycan_holes,366,N463D,0.0
RM6072,RM6072.171,glycan_holes,476,N463D,0.0
RM6072,RM6072.171,glycan_holes,588,N463D,0.0
RM6072,RM6072.171,glycan_holes,643,N463D,0.059
RM6072,RM6072.171,glycan_holes,728,N463D,0.053
RM6072,RM6072.171,glycan_holes,783,N463D,0.083
RM6072,RM6072.207,glycan_holes,0,N358D,0.0
RM6072,RM6072.207,glycan_holes,27,N358D,0.0
RM6072,RM6072.207,glycan_holes,70,N358D,0.0
RM6072,RM6072.207,glycan_holes,140,N358D,0.0
RM6072,RM6072.207,glycan_holes,224,N358D,0.0
RM6072,RM6072.207,glycan_holes,252,N358D,0.0
RM6072,RM6072.207,glycan_holes,308,N358D,0.0
RM6072,RM6072.207,glycan_holes,366,N358D,0.0
RM6072,RM6072.207,glycan_holes,476,N358D,0.0
RM6072,RM6072.207,glycan_holes,588,N358D,0.0
RM6072,RM6072.207,glycan_holes,643,N358D,0.0
RM6072,RM6072.207,glycan_holes,728,N358D,0.0
RM6072,RM6072.207,glycan_holes,783,N358D,0.083
RM6072,RM6072.217,glycan_holes,0,N160H,0.0
RM6072,RM6072.217,glycan_holes,27,N160H,0.0
RM6072,RM6072.217,glycan_holes,70,N160H,0.02
RM6072,RM6072.217,glycan_holes,140,N160H,0.0
RM6072,RM6072.217,glycan_holes,224,N160H,0.0
RM6072,RM6072.217,glycan_holes,252,N160H,0.0
RM6072,RM6072.217,glycan_holes,308,N160H,0.0
RM6072,RM6072.217,glycan_holes,366,N160H,0.0
RM6072,RM6072.217,glycan_holes,476,N160H,0.0
RM6072,RM6072.217,glycan_holes,588,N160H,0.0
RM6072,RM6072.217,glycan_holes,643,N160H,0.0
RM6072,RM6072.217,glycan_holes,728,N160H,0.0
RM6072,RM6072.217,glycan_holes,783,N160H,0.0
RM6072,RM6072.229,glycan_holes,0,T162I,0.0
RM6072,RM6072.229,glycan_holes,27,T162I,0.0
RM6072,RM6072.229,glycan_holes,70,T162I,0.02
RM6072,RM6072.229,glycan_holes,140,T162I,0.0
RM6072,RM6072.229,glycan_holes,224,T162I,0.0
RM6072,RM6072.229,glycan_holes,252,T162I,0.0
RM6072,RM6072.229,glycan_holes,308,T162I,0.0
RM6072,RM6072.229,glycan_holes,366,T162I,0.0
RM6072,RM6072.229,glycan_holes,476,T162I,0.0
RM6072,RM6072.229,glycan_holes,588,T162I,0.0
RM6072,RM6072.229,glycan_holes,643,T162I,0.0
RM6072,RM6072.229,glycan_holes,728,T162I,0.0
RM6072,RM6072.229,glycan_holes,783,T162I,0.0
RM6072,RM6072.231,glycan_holes,0,S189N,0.0
RM6072,RM6072.231,glycan_holes,27,S189N,0.056
RM6072,RM6072.231,glycan_holes,70,S189N,0.0
RM6072,RM6072.231,glycan_holes,140,S189N,0.0
RM6072,RM6072.231,glycan_holes,224,S189N,0.0
RM6072,RM6072.231,glycan_holes,252,S189N,0.0
RM6072,RM6072.231,glycan_holes,308,S189N,0.0
RM6072,RM6072.231,glycan_holes,366,S189N,0.0
RM6072,RM6072.231,glycan_holes,476,S189N,0.0
RM6072,RM6072.231,glycan_holes,588,S189N,0.0
RM6072,RM6072.231,glycan_holes,643,S189N,0.0
RM6072,RM6072.231,glycan_holes,728,S189N,0.0
RM6072,RM6072.231,glycan_holes,783,S189N,0.0
RM6072,RM6072.239,glycan_holes,0,N160-,0.0
RM6072,RM6072.239,glycan_holes,27,N160-,0.0
RM6072,RM6072.239,glycan_holes,70,N160-,0.0
RM6072,RM6072.239,glycan_holes,140,N160-,0.0
RM6072,RM6072.239,glycan_holes,224,N160-,0.0
RM6072,RM6072.239,glycan_holes,252,N160-,0.0
RM6072,RM6072.239,glycan_holes,308,N160-,0.0
RM6072,RM6072.239,glycan_holes,366,N160-,0.0
RM6072,RM6072.239,glycan_holes,476,N160-,0.0
RM6072,RM6072.239,glycan_holes,588,N160-,0.0
RM6072,RM6072.239,glycan_holes,643,N160-,0.059
RM6072,RM6072.239,glycan_holes,728,N160-,0.0
RM6072,RM6072.239,glycan_holes,783,N160-,0.0
RM6072,RM6072.257,glycan_holes,0,T162-,0.0
RM6072,RM6072.257,glycan_holes,27,T162-,0.0
RM6072,RM6072.257,glycan_holes,70,T162-,0.0
RM6072,RM6072.257,glycan_holes,140,T162-,0.0
RM6072,RM6072.257,glycan_holes,224,T162-,0.0
RM6072,RM6072.257,glycan_holes,252,T162-,0.0
RM6072,RM6072.257,glycan_holes,308,T162-,0.0
RM6072,RM6072.257,glycan_holes,366,T162-,0.0
RM6072,RM6072.257,glycan_holes,476,T162-,0.0
RM6072,RM6072.257,glycan_holes,588,T162-,0.0
RM6072,RM6072.257,glycan_holes,643,T162-,0.059
RM6072,RM6072.257,glycan_holes,728,T162-,0.0
RM6072,RM6072.257,glycan_holes,783,T162-,0.0
RM6072,RM6072.266,glycan_holes,0,N339S,0.0
RM6072,RM6072.266,glycan_holes,27,N339S,0.0
RM6072,RM6072.266,glycan_holes,70,N339S,0.0
RM6072,RM6072.266,glycan_holes,140,N339S,0.057
RM6072,RM6072.266,glycan_holes,224,N339S,0.0
RM6072,RM6072.266,glycan_holes,252,N339S,0.0
RM6072,RM6072.266,glycan_holes,308,N339S,0.0
RM6072,RM6072.266,glycan_holes,366,N339S,0.0
RM6072,RM6072.266,glycan_holes,476,N339S,0.0
RM6072,RM6072.266,glycan_holes,588,N339S,0.0
RM6072,RM6072.266,glycan_holes,643,N339S,0.0
RM6072,RM6072.266,glycan_holes,728,N339S,0.0
RM6072,RM6072.266,glycan_holes,783,N339S,0.0
RM6072,RM6072.271,glycan_holes,0,S336R,0.0
RM6072,RM6072.271,glycan_holes,27,S336R,0.0
RM6072,RM6072.271,glycan_holes,70,S336R,0.0
RM6072,RM6072.271,glycan_holes,140,S336R,0.0
RM6072,RM6072.271,glycan_holes,224,S336R,0.0
RM6072,RM6072.271,glycan_holes,252,S336R,0.0
RM6072,RM6072.271,glycan_holes,308,S336R,0.0
RM6072,RM6072.271,glycan_holes,366,S336R,0.0
RM6072,RM6072.271,glycan_holes,476,S336R,0.0
RM6072,RM6072.271,glycan_holes,588,S336R,0.0
RM6072,RM6072.271,glycan_holes,643,S336R,0.0
RM6072,RM6072.271,glycan_holes,728,S336R,0.053
RM6072,RM6072.271,glycan_holes,783,S336R,0.083
RM6072,RM6072.278,glycan_holes,0,T387-,0.0
RM6072,RM6072.278,glycan_holes,27,T387-,0.0
RM6072,RM6072.278,glycan_holes,70,T387-,0.0
RM6072,RM6072.278,glycan_holes,140,T387-,0.0
RM6072,RM6072.278,glycan_holes,224,T387-,0.0
RM6072,RM6072.278,glycan_holes,252,T387-,0.0
RM6072,RM6072.278,glycan_holes,308,T387-,0.045
RM6072,RM6072.278,glycan_holes,366,T387-,0.0
RM6072,RM6072.278,glycan_holes,476,T387-,0.0
RM6072,RM6072.278,glycan_holes,588,T387-,0.0
RM6072,RM6072.278,glycan_holes,643,T387-,0.0
RM6072,RM6072.278,glycan_holes,728,T387-,0.0
RM6072,RM6072.278,glycan_holes,783,T387-,0.0
RM6072,RM6072.282,glycan_holes,0,C157-,0.0
RM6072,RM6072.282,glycan_holes,27,C157-,0.0
RM6072,RM6072.282,glycan_holes,70,C157-,0.0
RM6072,RM6072.282,glycan_holes,140,C157-,0.0
RM6072,RM6072.282,glycan_holes,224,C157-,0.0
RM6072,RM6072.282,glycan_holes,252,C157-,0.0
RM6072,RM6072.282,glycan_holes,308,C157-,0.0
RM6072,RM6072.282,glycan_holes,366,C157-,0.0
RM6072,RM6072.282,glycan_holes,476,C157-,0.0
RM6072,RM6072.282,glycan_holes,588,C157-,0.0
RM6072,RM6072.282,glycan_holes,643,C157-,0.059
RM6072,RM6072.282,glycan_holes,728,C157-,0.0
RM6072,RM6072.282,glycan_holes,783,C157-,0.0
RM6072,RM6072.283,glycan_holes,0,S158-,0.0
RM6072,RM6072.283,glycan_holes,27,S158-,0.0
RM6072,RM6072.283,glycan_holes,70,S158-,0.0
RM6072,RM6072.283,glycan_holes,140,S158-,0.0
RM6072,RM6072.283,glycan_holes,224,S158-,0.0
RM6072,RM6072.283,glycan_holes,252,S158-,0.0
RM6072,RM6072.283,glycan_holes,308,S158-,0.0
RM6072,RM6072.283,glycan_holes,366,S158-,0.0
RM6072,RM6072.283,glycan_holes,476,S158-,0.0
RM6072,RM6072.283,glycan_holes,588,S158-,0.0
RM6072,RM6072.283,glycan_holes,643,S158-,0.059
RM6072,RM6072.283,glycan_holes,728,S158-,0.0
RM6072,RM6072.283,glycan_holes,783,S158-,0.0
RM6072,RM6072.285,glycan_holes,0,I161-,0.0
RM6072,RM6072.285,glycan_holes,27,I161-,0.0
RM6072,RM6072.285,glycan_holes,70,I161-,0.0
RM6072,RM6072.285,glycan_holes,140,I161-,0.0
RM6072,RM6072.285,glycan_holes,224,I161-,0.0
RM6072,RM6072.285,glycan_holes,252,I161-,0.0
RM6072,RM6072.285,glycan_holes,308,I161-,0.0
RM6072,RM6072.285,glycan_holes,366,I161-,0.0
RM6072,RM6072.285,glycan_holes,476,I161-,0.0
RM6072,RM6072.285,glycan_holes,588,I161-,0.0
RM6072,RM6072.285,glycan_holes,643,I161-,0.059
RM6072,RM6072.285,glycan_holes,728,I161-,0.0
RM6072,RM6072.285,glycan_holes,783,I161-,0.0
RM6072,RM6072.296,glycan_holes,0,N442-,0.0
RM6072,RM6072.296,glycan_holes,27,N442-,0.0
RM6072,RM6072.296,glycan_holes,70,N442-,0.0
RM6072,RM6072.296,glycan_holes,140,N442-,0.0
RM6072,RM6072.296,glycan_holes,224,N442-,0.0
RM6072,RM6072.296,glycan_holes,252,N442-,0.0
RM6072,RM6072.296,glycan_holes,308,N442-,0.045
RM6072,RM6072.296,glycan_holes,366,N442-,0.0
RM6072,RM6072.296,glycan_holes,476,N442-,0.0
RM6072,RM6072.296,glycan_holes,588,N442-,0.0
RM6072,RM6072.296,glycan_holes,643,N442-,0.0
RM6072,RM6072.296,glycan_holes,728,N442-,0.0
RM6072,RM6072.296,glycan_holes,783,N442-,0.0
RM6072,RM6072.297,glycan_holes,0,I443-,0.0
RM6072,RM6072.297,glycan_holes,27,I443-,0.0
RM6072,RM6072.297,glycan_holes,70,I443-,0.0
RM6072,RM6072.297,glycan_holes,140,I443-,0.0
RM6072,RM6072.297,glycan_holes,224,I443-,0.0
RM6072,RM6072.297,glycan_holes,252,I443-,0.0
RM6072,RM6072.297,glycan_holes,308,I443-,0.045
RM6072,RM6072.297,glycan_holes,366,I443-,0.0
RM6072,RM6072.297,glycan_holes,476,I443-,0.0
RM6072,RM6072.297,glycan_holes,588,I443-,0.0
RM6072,RM6072.297,glycan_holes,643,I443-,0.0
RM6072,RM6072.297,glycan_holes,728,I443-,0.0
RM6072,RM6072.297,glycan_holes,783,I443-,0.0
RM6072,RM6072.298,glycan_holes,0,T444-,0.0
RM6072,RM6072.298,glycan_holes,27,T444-,0.0
RM6072,RM6072.298,glycan_holes,70,T444-,0.0
RM6072,RM6072.298,glycan_holes,140,T444-,0.0
RM6072,RM6072.298,glycan_holes,224,T444-,0.0
RM6072,RM6072.298,glycan_holes,252,T444-,0.0
RM6072,RM6072.298,glycan_holes,308,T444-,0.045
RM6072,RM6072.298,glycan_holes,366,T444-,0.0
RM6072,RM6072.298,glycan_holes,476,T444-,0.0
RM6072,RM6072.298,glycan_holes,588,T444-,0.0
RM6072,RM6072.298,glycan_holes,643,T444-,0.0
RM6072,RM6072.298,glycan_holes,728,T444-,0.0
RM6072,RM6072.298,glycan_holes,783,T444-,0.0
RM6072,RM6072.305,glycan_holes,0,S243-,0.0
RM6072,RM6072.305,glycan_holes,27,S243-,0.0
RM6072,RM6072.305,glycan_holes,70,S243-,0.0
RM6072,RM6072.305,glycan_holes,140,S243-,0.0
RM6072,RM6072.305,glycan_holes,224,S243-,0.0
RM6072,RM6072.305,glycan_holes,252,S243-,0.0
RM6072,RM6072.305,glycan_holes,308,S243-,0.0
RM6072,RM6072.305,glycan_holes,366,S243-,0.0
RM6072,RM6072.305,glycan_holes,476,S243-,0.0
RM6072,RM6072.305,glycan_holes,588,S243-,0.0
RM6072,RM6072.305,glycan_holes,643,S243-,0.0
RM6072,RM6072.305,glycan_holes,728,S243-,0.053
RM6072,RM6072.305,glycan_holes,783,S243-,0.0
RM6072,RM6072.325,glycan_shield,0,T408N,0.0
RM6072,RM6072.325,glycan_shield,27,T408N,0.0
RM6072,RM6072.325,glycan_shield,70,T408N,0.0
RM6072,RM6072.325,glycan_shield,140,T408N,0.029
RM6072,RM6072.325,glycan_shield,224,T408N,0.0
RM6072,RM6072.325,glycan_shield,252,T408N,0.0
RM6072,RM6072.325,glycan_shield,308,T408N,0.0
RM6072,RM6072.325,glycan_shield,366,T408N,0.0
RM6072,RM6072.325,glycan_shield,476,T408N,0.0
RM6072,RM6072.325,glycan_shield,588,T408N,0.0
RM6072,RM6072.325,glycan_shield,643,T408N,0.0
RM6072,RM6072.325,glycan_shield,728,T408N,0.0
RM6072,RM6072.325,glycan_shield,783,T408N,0.0
RM6072,RM6072.331,glycan_holes,0,S336G,0.0
RM6072,RM6072.331,glycan_holes,27,S336G,0.0
RM6072,RM6072.331,glycan_holes,70,S336G,0.02
RM6072,RM6072.331,glycan_holes,140,S336G,0.0
RM6072,RM6072.331,glycan_holes,224,S336G,0.0
RM6072,RM6072.331,glycan_holes,252,S336G,0.0
RM6072,RM6072.331,glycan_holes,308,S336G,0.0
RM6072,RM6072.331,glycan_holes,366,S336G,0.0
RM6072,RM6072.331,glycan_holes,476,S336G,0.0
RM6072,RM6072.331,glycan_holes,588,S336G,0.034
RM6072,RM6072.331,glycan_holes,643,S336G,0.0
RM6072,RM6072.331,glycan_holes,728,S336G,0.053
RM6072,RM6072.331,glycan_holes,783,S336G,0.0
RM6072,RM6072.343,bnAbs_resistance,0,R169K,0.0
RM6072,RM6072.343,bnAbs_resistance,27,R169K,0.0
RM6072,RM6072.343,bnAbs_resistance,70,R169K,0.02
RM6072,RM6072.343,bnAbs_resistance,140,R169K,0.0
RM6072,RM6072.343,bnAbs_resistance,224,R169K,0.0
RM6072,RM6072.343,bnAbs_resistance,252,R169K,0.0
RM6072,RM6072.343,bnAbs_resistance,308,R169K,0.0
RM6072,RM6072.343,bnAbs_resistance,366,R169K,0.0
RM6072,RM6072.343,bnAbs_resistance,476,R169K,0.0
RM6072,RM6072.343,bnAbs_resistance,588,R169K,0.0
RM6072,RM6072.343,bnAbs_resistance,643,R169K,0.0
RM6072,RM6072.343,bnAbs_resistance,728,R169K,0.0
RM6072,RM6072.343,bnAbs_resistance,783,R169K,0.0
RM6072,RM6072.357,glycan_holes,0,N386D,0.0
RM6072,RM6072.357,glycan_holes,27,N386D,0.0
RM6072,RM6072.357,glycan_holes,70,N386D,0.0
RM6072,RM6072.357,glycan_holes,140,N386D,0.0
RM6072,RM6072.357,glycan_holes,224,N386D,0.0
RM6072,RM6072.357,glycan_holes,252,N386D,0.0
RM6072,RM6072.357,glycan_holes,308,N386D,0.0
RM6072,RM6072.357,glycan_holes,366,N386D,0.0
RM6072,RM6072.357,glycan_holes,476,N386D,0.0
RM6072,RM6072.357,glycan_holes,588,N386D,0.0
RM6072,RM6072.357,glycan_holes,643,N386D,0.059
RM6072,RM6072.357,glycan_holes,728,N386D,0.0
RM6072,RM6072.357,glycan_holes,783,N386D,0.0
RM6072,RM6072.369,glycan_holes,0,N463S,0.0
RM6072,RM6072.369,glycan_holes,27,N463S,0.0
RM6072,RM6072.369,glycan_holes,70,N463S,0.0
RM6072,RM6072.369,glycan_holes,140,N463S,0.0
RM6072,RM6072.369,glycan_holes,224,N463S,0.091
RM6072,RM6072.369,glycan_holes,252,N463S,0.0
RM6072,RM6072.369,glycan_holes,308,N463S,0.0
RM6072,RM6072.369,glycan_holes,366,N463S,0.0
RM6072,RM6072.369,glycan_holes,476,N463S,0.0
RM6072,RM6072.369,glycan_holes,588,N463S,0.241
RM6072,RM6072.369,glycan_holes,643,N463S,0.0
RM6072,RM6072.369,glycan_holes,728,N463S,0.0
RM6072,RM6072.369,glycan_holes,783,N463S,0.0
RM6072,RM6072.378,glycan_holes,0,N88K,0.0
RM6072,RM6072.378,glycan_holes,27,N88K,0.0
RM6072,RM6072.378,glycan_holes,70,N88K,0.0
RM6072,RM6072.378,glycan_holes,140,N88K,0.0
RM6072,RM6072.378,glycan_holes,224,N88K,0.0
RM6072,RM6072.378,glycan_holes,252,N88K,0.0
RM6072,RM6072.378,glycan_holes,308,N88K,0.0
RM6072,RM6072.378,glycan_holes,366,N88K,0.0
RM6072,RM6072.378,glycan_holes,476,N88K,0.0
RM6072,RM6072.378,glycan_holes,588,N88K,0.0
RM6072,RM6072.378,glycan_holes,643,N88K,0.0
RM6072,RM6072.378,glycan_holes,728,N88K,0.053
RM6072,RM6072.378,glycan_holes,783,N88K,0.0
RM6072,RM6072.379,glycan_holes,0,T465A,0.0
RM6072,RM6072.379,glycan_holes,27,T465A,0.0
RM6072,RM6072.379,glycan_holes,70,T465A,0.0
RM6072,RM6072.379,glycan_holes,140,T465A,0.029
RM6072,RM6072.379,glycan_holes,224,T465A,0.0
RM6072,RM6072.379,glycan_holes,252,T465A,0.0
RM6072,RM6072.379,glycan_holes,308,T465A,0.0
RM6072,RM6072.379,glycan_holes,366,T465A,0.0
RM6072,RM6072.379,glycan_holes,476,T465A,0.0
RM6072,RM6072.379,glycan_holes,588,T465A,0.0
RM6072,RM6072.379,glycan_holes,643,T465A,0.0
RM6072,RM6072.379,glycan_holes,728,T465A,0.0
RM6072,RM6072.379,glycan_holes,783,T465A,0.0
RM6072,RM6072.397,glycan_holes,0,N358S,0.0
RM6072,RM6072.397,glycan_holes,27,N358S,0.0
RM6072,RM6072.397,glycan_holes,70,N358S,0.0
RM6072,RM6072.397,glycan_holes,140,N358S,0.0
RM6072,RM6072.397,glycan_holes,224,N358S,0.0
RM6072,RM6072.397,glycan_holes,252,N358S,0.0
RM6072,RM6072.397,glycan_holes,308,N358S,0.0
RM6072,RM6072.397,glycan_holes,366,N358S,0.0
RM6072,RM6072.397,glycan_holes,476,N358S,0.0
RM6072,RM6072.397,glycan_holes,588,N358S,0.034
RM6072,RM6072.397,glycan_holes,643,N358S,0.0
RM6072,RM6072.397,glycan_holes,728,N358S,0.0
RM6072,RM6072.397,glycan_holes,783,N358S,0.0
RM6072,RM6072.398,glycan_holes,0,N197D,0.0
RM6072,RM6072.398,glycan_holes,27,N197D,0.0
RM6072,RM6072.398,glycan_holes,70,N197D,0.0
RM6072,RM6072.398,glycan_holes,140,N197D,0.0
RM6072,RM6072.398,glycan_holes,224,N197D,0.0
RM6072,RM6072.398,glycan_holes,252,N197D,0.0
RM6072,RM6072.398,glycan_holes,308,N197D,0.0
RM6072,RM6072.398,glycan_holes,366,N197D,0.0
RM6072,RM6072.398,glycan_holes,476,N197D,0.154
RM6072,RM6072.398,glycan_holes,588,N197D,0.655
RM6072,RM6072.398,glycan_holes,643,N197D,1.0
RM6072,RM6072.398,glycan_holes,728,N197D,0.947
RM6072,RM6072.398,glycan_holes,783,N197D,0.417
RM6072,RM6072.408,glycan_holes,0,N156-,0.0
RM6072,RM6072.408,glycan_holes,27,N156-,0.0
RM6072,RM6072.408,glycan_holes,70,N156-,0.0
RM6072,RM6072.408,glycan_holes,140,N156-,0.0
RM6072,RM6072.408,glycan_holes,224,N156-,0.0
RM6072,RM6072.408,glycan_holes,252,N156-,0.0
RM6072,RM6072.408,glycan_holes,308,N156-,0.0
RM6072,RM6072.408,glycan_holes,366,N156-,0.0
RM6072,RM6072.408,glycan_holes,476,N156-,0.0
RM6072,RM6072.408,glycan_holes,588,N156-,0.0
RM6072,RM6072.408,glycan_holes,643,N156-,0.059
RM6072,RM6072.408,glycan_holes,728,N156-,0.0
RM6072,RM6072.408,glycan_holes,783,N156-,0.0
RM6072,RM6072.410,glycan_holes,0,N463T,0.0
RM6072,RM6072.410,glycan_holes,27,N463T,0.0
RM6072,RM6072.410,glycan_holes,70,N463T,0.0
RM6072,RM6072.410,glycan_holes,140,N463T,0.029
RM6072,RM6072.410,glycan_holes,224,N463T,0.0
RM6072,RM6072.410,glycan_holes,252,N463T,0.043
RM6072,RM6072.410,glycan_holes,308,N463T,0.045
RM6072,RM6072.410,glycan_holes,366,N463T,0.0
RM6072,RM6072.410,glycan_holes,476,N463T,0.0
RM6072,RM6072.410,glycan_holes,588,N463T,0.0
RM6072,RM6072.410,glycan_holes,643,N463T,0.0
RM6072,RM6072.410,glycan_holes,728,N463T,0.0
RM6072,RM6072.410,glycan_holes,783,N463T,0.0
RM6072,RM6072.412,glycan_holes,0,N398-,0.0
RM6072,RM6072.412,glycan_holes,27,N398-,0.0
RM6072,RM6072.412,glycan_holes,70,N398-,0.0
RM6072,RM6072.412,glycan_holes,140,N398-,0.0
RM6072,RM6072.412,glycan_holes,224,N398-,0.0
RM6072,RM6072.412,glycan_holes,252,N398-,0.0
RM6072,RM6072.412,glycan_holes,308,N398-,0.091
RM6072,RM6072.412,glycan_holes,366,N398-,0.024
RM6072,RM6072.412,glycan_holes,476,N398-,0.077
RM6072,RM6072.412,glycan_holes,588,N398-,0.0
RM6072,RM6072.412,glycan_holes,643,N398-,0.0
RM6072,RM6072.412,glycan_holes,728,N398-,0.0
RM6072,RM6072.412,glycan_holes,783,N398-,0.0
RM6072,RM6072.416,glycan_holes,0,T465K,0.0
RM6072,RM6072.416,glycan_holes,27,T465K,0.0
RM6072,RM6072.416,glycan_holes,70,T465K,0.0
RM6072,RM6072.416,glycan_holes,140,T465K,0.029
RM6072,RM6072.416,glycan_holes,224,T465K,0.045
RM6072,RM6072.416,glycan_holes,252,T465K,0.0
RM6072,RM6072.416,glycan_holes,308,T465K,0.0
RM6072,RM6072.416,glycan_holes,366,T465K,0.0
RM6072,RM6072.416,glycan_holes,476,T465K,0.0
RM6072,RM6072.416,glycan_holes,588,T465K,0.0
RM6072,RM6072.416,glycan_holes,643,T465K,0.0
RM6072,RM6072.416,glycan_holes,728,T465K,0.0
RM6072,RM6072.416,glycan_holes,783,T465K,0.0
RM6072,RM6072.421,glycan_holes,0,N156D,0.0
RM6072,RM6072.421,glycan_holes,27,N156D,0.0
RM6072,RM6072.421,glycan_holes,70,N156D,0.039
RM6072,RM6072.421,glycan_holes,140,N156D,0.029
RM6072,RM6072.421,glycan_holes,224,N156D,0.0
RM6072,RM6072.421,glycan_holes,252,N156D,0.0
RM6072,RM6072.421,glycan_holes,308,N156D,0.0
RM6072,RM6072.421,glycan_holes,366,N156D,0.0
RM6072,RM6072.421,glycan_holes,476,N156D,0.0
RM6072,RM6072.421,glycan_holes,588,N156D,0.0
RM6072,RM6072.421,glycan_holes,643,N156D,0.0
RM6072,RM6072.421,glycan_holes,728,N156D,0.0
RM6072,RM6072.421,glycan_holes,783,N156D,0.0
RM6072,RM6072.424,glycan_holes,0,N230-,0.0
RM6072,RM6072.424,glycan_holes,27,N230-,0.0
RM6072,RM6072.424,glycan_holes,70,N230-,0.0
RM6072,RM6072.424,glycan_holes,140,N230-,0.0
RM6072,RM6072.424,glycan_holes,224,N230-,0.0
RM6072,RM6072.424,glycan_holes,252,N230-,0.0
RM6072,RM6072.424,glycan_holes,308,N230-,0.045
RM6072,RM6072.424,glycan_holes,366,N230-,0.0
RM6072,RM6072.424,glycan_holes,476,N230-,0.0
RM6072,RM6072.424,glycan_holes,588,N230-,0.0
RM6072,RM6072.424,glycan_holes,643,N230-,0.0
RM6072,RM6072.424,glycan_holes,728,N230-,0.0
RM6072,RM6072.424,glycan_holes,783,N230-,0.0
RM6072,RM6072.426,glycan_holes,0,N156S,0.0
RM6072,RM6072.426,glycan_holes,27,N156S,0.056
RM6072,RM6072.426,glycan_holes,70,N156S,0.0
RM6072,RM6072.426,glycan_holes,140,N156S,0.0
RM6072,RM6072.426,glycan_holes,224,N156S,0.0
RM6072,RM6072.426,glycan_holes,252,N156S,0.0
RM6072,RM6072.426,glycan_holes,308,N156S,0.0
RM6072,RM6072.426,glycan_holes,366,N156S,0.0
RM6072,RM6072.426,glycan_holes,476,N156S,0.0
RM6072,RM6072.426,glycan_holes,588,N156S,0.0
RM6072,RM6072.426,glycan_holes,643,N156S,0.0
RM6072,RM6072.426,glycan_holes,728,N156S,0.0
RM6072,RM6072.426,glycan_holes,783,N156S,0.0
RM6072,RM6072.428,glycan_holes,0,N463E,0.0
RM6072,RM6072.428,glycan_holes,27,N463E,0.0
RM6072,RM6072.428,glycan_holes,70,N463E,0.0
RM6072,RM6072.428,glycan_holes,140,N463E,0.0
RM6072,RM6072.428,glycan_holes,224,N463E,0.409
RM6072,RM6072.428,glycan_holes,252,N463E,0.565
RM6072,RM6072.428,glycan_holes,308,N463E,0.818
RM6072,RM6072.428,glycan_holes,366,N463E,0.049
RM6072,RM6072.428,glycan_holes,476,N463E,0.231
RM6072,RM6072.428,glycan_holes,588,N463E,0.552
RM6072,RM6072.428,glycan_holes,643,N463E,0.706
RM6072,RM6072.428,glycan_holes,728,N463E,0.737
RM6072,RM6072.428,glycan_holes,783,N463E,0.583
RM6072,RM6072.430,glycan_holes,0,N230D,0.0
RM6072,RM6072.430,glycan_holes,27,N230D,0.0
RM6072,RM6072.430,glycan_holes,70,N230D,0.0
RM6072,RM6072.430,glycan_holes,140,N230D,0.171
RM6072,RM6072.430,glycan_holes,224,N230D,0.0
RM6072,RM6072.430,glycan_holes,252,N230D,0.0
RM6072,RM6072.430,glycan_holes,308,N230D,0.0
RM6072,RM6072.430,glycan_holes,366,N230D,0.0
RM6072,RM6072.430,glycan_holes,476,N230D,0.0
RM6072,RM6072.430,glycan_holes,588,N230D,0.0
RM6072,RM6072.430,glycan_holes,643,N230D,0.0
RM6072,RM6072.430,glycan_holes,728,N230D,0.0
RM6072,RM6072.430,glycan_holes,783,N230D,0.0
RM6701,RM6701.6,increase_VL,0,Y330H,0.0
RM6701,RM6701.6,increase_VL,84,Y330H,0.0
RM6701,RM6701.6,increase_VL,168,Y330H,0.75
RM6701,RM6701.6,increase_VL,224,Y330H,1.0
RM6701,RM6701.6,increase_VL,392,Y330H,1.0
RM6701,RM6701.7,glycan_shift,0,N334S,0.0
RM6701,RM6701.7,glycan_shift,84,N334S,0.0
RM6701,RM6701.7,glycan_shift,168,N334S,0.75
RM6701,RM6701.7,glycan_shift,224,N334S,1.0
RM6701,RM6701.7,glycan_shift,392,N334S,1.0
RM6701,RM6701.8,increase_VL,0,N334S,0.0
RM6701,RM6701.8,increase_VL,84,N334S,0.0
RM6701,RM6701.8,increase_VL,168,N334S,0.75
RM6701,RM6701.8,increase_VL,224,N334S,1.0
RM6701,RM6701.8,increase_VL,392,N334S,1.0
RM6701,RM6701.9,glycan_holes,0,T465A,0.0
RM6701,RM6701.9,glycan_holes,84,T465A,0.0
RM6701,RM6701.9,glycan_holes,168,T465A,0.75
RM6701,RM6701.9,glycan_holes,224,T465A,1.0
RM6701,RM6701.9,glycan_holes,392,T465A,1.0
RM6701,RM6701.24,increase_VL,0,H417R,0.0
RM6701,RM6701.24,increase_VL,84,H417R,0.091
RM6701,RM6701.24,increase_VL,168,H417R,0.0
RM6701,RM6701.24,increase_VL,224,H417R,0.0
RM6701,RM6701.24,increase_VL,392,H417R,0.0
RM6701,RM6701.32,glycan_holes,0,N616S,0.0
RM6701,RM6701.32,glycan_holes,84,N616S,0.0
RM6701,RM6701.32,glycan_holes,168,N616S,0.0
RM6701,RM6701.32,glycan_holes,224,N616S,0.0
RM6701,RM6701.32,glycan_holes,392,N616S,0.056
RM6701,RM6701.35,glycan_holes,0,T394-,0.0
RM6701,RM6701.35,glycan_holes,84,T394-,0.0
RM6701,RM6701.35,glycan_holes,168,T394-,0.125
RM6701,RM6701.35,glycan_holes,224,T394-,0.0
RM6701,RM6701.35,glycan_holes,392,T394-,0.0
RM6701,RM6701.36,glycan_holes,0,N398-,0.0
RM6701,RM6701.36,glycan_holes,84,N398-,0.0
RM6701,RM6701.36,glycan_holes,168,N398-,0.125
RM6701,RM6701.36,glycan_holes,224,N398-,0.0
RM6701,RM6701.36,glycan_holes,392,N398-,0.0
RM6701,RM6701.37,glycan_holes,0,S405-,0.0
RM6701,RM6701.37,glycan_holes,84,S405-,0.0
RM6701,RM6701.37,glycan_holes,168,S405-,0.125
RM6701,RM6701.37,glycan_holes,224,S405-,0.0
RM6701,RM6701.37,glycan_holes,392,S405-,0.0
RM6701,RM6701.38,glycan_holes,0,T406-,0.0
RM6701,RM6701.38,glycan_holes,84,T406-,0.0
RM6701,RM6701.38,glycan_holes,168,T406-,0.125
RM6701,RM6701.38,glycan_holes,224,T406-,0.0
RM6701,RM6701.38,glycan_holes,392,T406-,0.0
RM6701,RM6701.40,glycan_holes,0,N409-,0.0
RM6701,RM6701.40,glycan_holes,84,N409-,0.0
RM6701,RM6701.40,glycan_holes,168,N409-,0.125
RM6701,RM6701.40,glycan_holes,224,N409-,0.0
RM6701,RM6701.40,glycan_holes,392,N409-,0.0
RM6701,RM6701.41,glycan_holes,0,S410-,0.0
RM6701,RM6701.41,glycan_holes,84,S410-,0.0
RM6701,RM6701.41,glycan_holes,168,S410-,0.125
RM6701,RM6701.41,glycan_holes,224,S410-,0.0
RM6701,RM6701.41,glycan_holes,392,S410-,0.0
RM6699,RM6699.6,increase_VL,0,N279D,0.0
RM6699,RM6699.6,increase_VL,84,N279D,0.045
RM6699,RM6699.6,increase_VL,168,N279D,0.87
RM6699,RM6699.6,increase_VL,224,N279D,0.727
RM6699,RM6699.6,increase_VL,392,N279D,1.0
RM6699,RM6699.10,glycan_holes,0,N230D,0.0
RM6699,RM6699.10,glycan_holes,84,N230D,0.0
RM6699,RM6699.10,glycan_holes,168,N230D,0.087
RM6699,RM6699.10,glycan_holes,224,N230D,0.364
RM6699,RM6699.10,glycan_holes,392,N230D,0.889
RM6699,RM6699.12,glycan_shift,0,N334S,0.0
RM6699,RM6699.12,glycan_shift,84,N334S,0.409
RM6699,RM6699.12,glycan_shift,168,N334S,1.0
RM6699,RM6699.12,glycan_shift,224,N334S,1.0
RM6699,RM6699.12,glycan_shift,392,N334S,1.0
RM6699,RM6699.13,increase_VL,0,N334S,0.0
RM6699,RM6699.13,increase_VL,84,N334S,0.409
RM6699,RM6699.13,increase_VL,168,N334S,1.0
RM6699,RM6699.13,increase_VL,224,N334S,1.0
RM6699,RM6699.13,increase_VL,392,N334S,1.0
RM6699,RM6699.18,glycan_holes,0,N230K,0.0
RM6699,RM6699.18,glycan_holes,84,N230K,0.0
RM6699,RM6699.18,glycan_holes,168,N230K,0.13
RM6699,RM6699.18,glycan_holes,224,N230K,0.182
RM6699,RM6699.18,glycan_holes,392,N230K,0.0
RM6699,RM6699.22,increase_VL,0,H417R,0.0
RM6699,RM6699.22,increase_VL,84,H417R,0.409
RM6699,RM6699.22,increase_VL,168,H417R,0.826
RM6699,RM6699.22,increase_VL,224,H417R,0.818
RM6699,RM6699.22,increase_VL,392,H417R,1.0
RM6699,RM6699.25,glycan_holes,0,N230S,0.0
RM6699,RM6699.25,glycan_holes,84,N230S,0.0
RM6699,RM6699.25,glycan_holes,168,N230S,0.043
RM6699,RM6699.25,glycan_holes,224,N230S,0.0
RM6699,RM6699.25,glycan_holes,392,N230S,0.111
RM6699,RM6699.27,glycan_holes,0,T232A,0.0
RM6699,RM6699.27,glycan_holes,84,T232A,0.0
RM6699,RM6699.27,glycan_holes,168,T232A,0.043
RM6699,RM6699.27,glycan_holes,224,T232A,0.182
RM6699,RM6699.27,glycan_holes,392,T232A,0.0
RM6699,RM6699.54,glycan_holes,0,N339S,0.0
RM6699,RM6699.54,glycan_holes,84,N339S,0.0
RM6699,RM6699.54,glycan_holes,168,N339S,0.087
RM6699,RM6699.54,glycan_holes,224,N339S,0.0
RM6699,RM6699.54,glycan_holes,392,N339S,0.0
RM6699,RM6699.64,glycan_holes,0,N442-,0.0
RM6699,RM6699.64,glycan_holes,84,N442-,0.045
RM6699,RM6699.64,glycan_holes,168,N442-,0.0
RM6699,RM6699.64,glycan_holes,224,N442-,0.0
RM6699,RM6699.64,glycan_holes,392,N442-,0.0
RM6699,RM6699.65,glycan_holes,0,I443-,0.0
RM6699,RM6699.65,glycan_holes,84,I443-,0.045
RM6699,RM6699.65,glycan_holes,168,I443-,0.0
RM6699,RM6699.65,glycan_holes,224,I443-,0.0
RM6699,RM6699.65,glycan_holes,392,I443-,0.0
RM6699,RM6699.66,glycan_holes,0,T444-,0.0
RM6699,RM6699.66,glycan_holes,84,T444-,0.045
RM6699,RM6699.66,glycan_holes,168,T444-,0.0
RM6699,RM6699.66,glycan_holes,224,T444-,0.0
RM6699,RM6699.66,glycan_holes,392,T444-,0.0
RM6699,RM6699.84,glycan_shield,0,D113N,0.0
RM6699,RM6699.84,glycan_shield,84,D113N,0.0
RM6699,RM6699.84,glycan_shield,168,D113N,0.043
RM6699,RM6699.84,glycan_shield,224,D113N,0.0
RM6699,RM6699.84,glycan_shield,392,D113N,0.0
RM6699,RM6699.91,glycan_holes,0,T360A,0.0
RM6699,RM6699.91,glycan_holes,84,T360A,0.0
RM6699,RM6699.91,glycan_holes,168,T360A,0.043
RM6699,RM6699.91,glycan_holes,224,T360A,0.0
RM6699,RM6699.91,glycan_holes,392,T360A,0.0
RM6697,RM6697.5,glycan_shift,0,N334S,0.0
RM6697,RM6697.5,glycan_shift,84,N334S,0.036
RM6697,RM6697.5,glycan_shift,112,N334S,0.075
RM6697,RM6697.5,glycan_shift,224,N334S,0.735
RM6697,RM6697.5,glycan_shift,392,N334S,1.0
RM6697,RM6697.5,glycan_shift,560,N334S,1.0
RM6697,RM6697.6,increase_VL,0,N334S,0.0
RM6697,RM6697.6,increase_VL,84,N334S,0.036
RM6697,RM6697.6,increase_VL,112,N334S,0.075
RM6697,RM6697.6,increase_VL,224,N334S,0.735
RM6697,RM6697.6,increase_VL,392,N334S,1.0
RM6697,RM6697.6,increase_VL,560,N334S,1.0
RM6697,RM6697.8,increase_VL,0,Y330H,0.0
RM6697,RM6697.8,increase_VL,84,Y330H,0.0
RM6697,RM6697.8,increase_VL,112,Y330H,0.25
RM6697,RM6697.8,increase_VL,224,Y330H,0.765
RM6697,RM6697.8,increase_VL,392,Y330H,1.0
RM6697,RM6697.8,increase_VL,560,Y330H,1.0
RM6697,RM6697.9,glycan_holes,0,N230S,0.0
RM6697,RM6697.9,glycan_holes,84,N230S,0.143
RM6697,RM6697.9,glycan_holes,112,N230S,0.225
RM6697,RM6697.9,glycan_holes,224,N230S,0.059
RM6697,RM6697.9,glycan_holes,392,N230S,0.0
RM6697,RM6697.9,glycan_holes,560,N230S,0.0
RM6697,RM6697.12,glycan_shield,0,P8S,0.0
RM6697,RM6697.12,glycan_shield,84,P8S,0.143
RM6697,RM6697.12,glycan_shield,112,P8S,0.05
RM6697,RM6697.12,glycan_shield,224,P8S,0.029
RM6697,RM6697.12,glycan_shield,392,P8S,0.0
RM6697,RM6697.12,glycan_shield,560,P8S,0.0
RM6697,RM6697.14,glycan_holes,0,N130D,0.0
RM6697,RM6697.14,glycan_holes,84,N130D,0.0
RM6697,RM6697.14,glycan_holes,112,N130D,0.1
RM6697,RM6697.14,glycan_holes,224,N130D,0.471
RM6697,RM6697.14,glycan_holes,392,N130D,0.342
RM6697,RM6697.14,glycan_holes,560,N130D,0.971
RM6697,RM6697.15,increase_VL,0,N130D,0.0
RM6697,RM6697.15,increase_VL,84,N130D,0.0
RM6697,RM6697.15,increase_VL,112,N130D,0.1
RM6697,RM6697.15,increase_VL,224,N130D,0.471
RM6697,RM6697.15,increase_VL,392,N130D,0.342
RM6697,RM6697.15,increase_VL,560,N130D,0.971
RM6697,RM6697.16,glycan_holes,0,N230D,0.0
RM6697,RM6697.16,glycan_holes,84,N230D,0.143
RM6697,RM6697.16,glycan_holes,112,N230D,0.475
RM6697,RM6697.16,glycan_holes,224,N230D,0.824
RM6697,RM6697.16,glycan_holes,392,N230D,0.184
RM6697,RM6697.16,glycan_holes,560,N230D,0.029
RM6697,RM6697.21,glycan_holes,0,T676A,0.0
RM6697,RM6697.21,glycan_holes,84,T676A,0.036
RM6697,RM6697.21,glycan_holes,112,T676A,0.0
RM6697,RM6697.21,glycan_holes,224,T676A,0.088
RM6697,RM6697.21,glycan_holes,392,T676A,0.316
RM6697,RM6697.21,glycan_holes,560,T676A,0.914
RM6697,RM6697.29,increase_VL,0,K302N,0.0
RM6697,RM6697.29,increase_VL,84,K302N,0.0
RM6697,RM6697.29,increase_VL,112,K302N,0.0
RM6697,RM6697.29,increase_VL,224,K302N,0.382
RM6697,RM6697.29,increase_VL,392,K302N,1.0
RM6697,RM6697.29,increase_VL,560,K302N,1.0
RM6697,RM6697.33,glycan_holes,0,T278A,0.0
RM6697,RM6697.33,glycan_holes,84,T278A,0.0
RM6697,RM6697.33,glycan_holes,112,T278A,0.075
RM6697,RM6697.33,glycan_holes,224,T278A,0.0
RM6697,RM6697.33,glycan_holes,392,T278A,0.0
RM6697,RM6697.33,glycan_holes,560,T278A,0.0
RM6697,RM6697.38,glycan_holes,0,T394A,0.0
RM6697,RM6697.38,glycan_holes,84,T394A,0.0
RM6697,RM6697.38,glycan_holes,112,T394A,0.025
RM6697,RM6697.38,glycan_holes,224,T394A,0.0
RM6697,RM6697.38,glycan_holes,392,T394A,0.0
RM6697,RM6697.38,glycan_holes,560,T394A,0.0
RM6697,RM6697.43,glycan_holes,0,T232A,0.0
RM6697,RM6697.43,glycan_holes,84,T232A,0.036
RM6697,RM6697.43,glycan_holes,112,T232A,0.05
RM6697,RM6697.43,glycan_holes,224,T232A,0.029
RM6697,RM6697.43,glycan_holes,392,T232A,0.0
RM6697,RM6697.43,glycan_holes,560,T232A,0.0
RM6697,RM6697.44,glycan_holes,0,S188P,0.0
RM6697,RM6697.44,glycan_holes,84,S188P,0.0
RM6697,RM6697.44,glycan_holes,112,S188P,0.025
RM6697,RM6697.44,glycan_holes,224,S188P,0.0
RM6697,RM6697.44,glycan_holes,392,S188P,0.0
RM6697,RM6697.44,glycan_holes,560,S188P,0.0
RM6697,RM6697.45,glycan_holes,0,N197D,0.0
RM6697,RM6697.45,glycan_holes,84,N197D,0.0
RM6697,RM6697.45,glycan_holes,112,N197D,0.0
RM6697,RM6697.45,glycan_holes,224,N197D,0.029
RM6697,RM6697.45,glycan_holes,392,N197D,0.026
RM6697,RM6697.45,glycan_holes,560,N197D,0.0
RM6697,RM6697.49,glycan_holes,0,T135I,0.0
RM6697,RM6697.49,glycan_holes,84,T135I,0.0
RM6697,RM6697.49,glycan_holes,112,T135I,0.025
RM6697,RM6697.49,glycan_holes,224,T135I,0.0
RM6697,RM6697.49,glycan_holes,392,T135I,0.0
RM6697,RM6697.49,glycan_holes,560,T135I,0.0
RM6697,RM6697.52,glycan_holes,0,T400I,0.0
RM6697,RM6697.52,glycan_holes,84,T400I,0.0
RM6697,RM6697.52,glycan_holes,112,T400I,0.025
RM6697,RM6697.52,glycan_holes,224,T400I,0.0
RM6697,RM6697.52,glycan_holes,392,T400I,0.0
RM6697,RM6697.52,glycan_holes,560,T400I,0.0
RM6697,RM6697.56,glycan_holes,0,T162I,0.0
RM6697,RM6697.56,glycan_holes,84,T162I,0.0
RM6697,RM6697.56,glycan_holes,112,T162I,0.175
RM6697,RM6697.56,glycan_holes,224,T162I,0.0
RM6697,RM6697.56,glycan_holes,392,T162I,0.0
RM6697,RM6697.56,glycan_holes,560,T162I,0.0
RM6697,RM6697.59,glycan_holes,0,N276D,0.0
RM6697,RM6697.59,glycan_holes,84,N276D,0.0
RM6697,RM6697.59,glycan_holes,112,N276D,0.025
RM6697,RM6697.59,glycan_holes,224,N276D,0.0
RM6697,RM6697.59,glycan_holes,392,N276D,0.0
RM6697,RM6697.59,glycan_holes,560,N276D,0.0
RM6697,RM6697.68,glycan_shield,0,T234N,0.0
RM6697,RM6697.68,glycan_shield,84,T234N,0.0
RM6697,RM6697.68,glycan_shield,112,T234N,0.0
RM6697,RM6697.68,glycan_shield,224,T234N,0.0
RM6697,RM6697.68,glycan_shield,392,T234N,0.184
RM6697,RM6697.68,glycan_shield,560,T234N,0.886
RM6697,RM6697.69,glycan_holes,0,T135A,0.0
RM6697,RM6697.69,glycan_holes,84,T135A,0.0
RM6697,RM6697.69,glycan_holes,112,T135A,0.0
RM6697,RM6697.69,glycan_holes,224,T135A,0.0
RM6697,RM6697.69,glycan_holes,392,T135A,0.0
RM6697,RM6697.69,glycan_holes,560,T135A,0.029
RM6697,RM6697.75,glycan_shield,0,-147N,0.0
RM6697,RM6697.75,glycan_shield,84,-147N,0.0
RM6697,RM6697.75,glycan_shield,112,-147N,0.0
RM6697,RM6697.75,glycan_shield,224,-147N,0.265
RM6697,RM6697.75,glycan_shield,392,-147N,0.868
RM6697,RM6697.75,glycan_shield,560,-147N,1.0
RM6697,RM6697.76,glycan_holes,0,T132A,0.0
RM6697,RM6697.76,glycan_holes,84,T132A,0.0
RM6697,RM6697.76,glycan_holes,112,T132A,0.0
RM6697,RM6697.76,glycan_holes,224,T132A,0.029
RM6697,RM6697.76,glycan_holes,392,T132A,0.053
RM6697,RM6697.76,glycan_holes,560,T132A,0.0
RM6697,RM6697.79,glycan_holes,0,N339S,0.0
RM6697,RM6697.79,glycan_holes,84,N339S,0.0
RM6697,RM6697.79,glycan_holes,112,N339S,0.0
RM6697,RM6697.79,glycan_holes,224,N339S,0.029
RM6697,RM6697.79,glycan_holes,392,N339S,0.0
RM6697,RM6697.79,glycan_holes,560,N339S,0.0
RM6697,RM6697.96,glycan_holes,0,S336G,0.0
RM6697,RM6697.96,glycan_holes,84,S336G,0.0
RM6697,RM6697.96,glycan_holes,112,S336G,0.0
RM6697,RM6697.96,glycan_holes,224,S336G,0.059
RM6697,RM6697.96,glycan_holes,392,S336G,0.0
RM6697,RM6697.96,glycan_holes,560,S336G,0.0
RM6697,RM6697.113,glycan_holes,0,T132I,0.0
RM6697,RM6697.113,glycan_holes,84,T132I,0.0
RM6697,RM6697.113,glycan_holes,112,T132I,0.0
RM6697,RM6697.113,glycan_holes,224,T132I,0.0
RM6697,RM6697.113,glycan_holes,392,T132I,0.026
RM6697,RM6697.113,glycan_holes,560,T132I,0.0
RM6697,RM6697.115,increase_VL,0,H417R,0.0
RM6697,RM6697.115,increase_VL,84,H417R,0.0
RM6697,RM6697.115,increase_VL,112,H417R,0.0
RM6697,RM6697.115,increase_VL,224,H417R,0.294
RM6697,RM6697.115,increase_VL,392,H417R,0.658
RM6697,RM6697.115,increase_VL,560,H417R,1.0
RM6697,RM6697.123,glycan_holes,0,N130T,0.0
RM6697,RM6697.123,glycan_holes,84,N130T,0.0
RM6697,RM6697.123,glycan_holes,112,N130T,0.0
RM6697,RM6697.123,glycan_holes,224,N130T,0.0
RM6697,RM6697.123,glycan_holes,392,N130T,0.026
RM6697,RM6697.123,glycan_holes,560,N130T,0.0
RM6697,RM6697.137,glycan_holes,0,N398K,0.0
RM6697,RM6697.137,glycan_holes,84,N398K,0.0
RM6697,RM6697.137,glycan_holes,112,N398K,0.025
RM6697,RM6697.137,glycan_holes,224,N398K,0.0
RM6697,RM6697.137,glycan_holes,392,N398K,0.0
RM6697,RM6697.137,glycan_holes,560,N398K,0.0
RM6697,RM6697.141,glycan_holes,0,N358S,0.0
RM6697,RM6697.141,glycan_holes,84,N358S,0.0
RM6697,RM6697.141,glycan_holes,112,N358S,0.0
RM6697,RM6697.141,glycan_holes,224,N358S,0.0
RM6697,RM6697.141,glycan_holes,392,N358S,0.0
RM6697,RM6697.141,glycan_holes,560,N358S,0.143
RM6697,RM6697.148,increase_VL,0,N279D,0.0
RM6697,RM6697.148,increase_VL,84,N279D,0.0
RM6697,RM6697.148,increase_VL,112,N279D,0.0
RM6697,RM6697.148,increase_VL,224,N279D,0.0
RM6697,RM6697.148,increase_VL,392,N279D,0.026
RM6697,RM6697.148,increase_VL,560,N279D,0.086
RM6697,RM6697.150,glycan_holes,0,N616S,0.0
RM6697,RM6697.150,glycan_holes,84,N616S,0.0
RM6697,RM6697.150,glycan_holes,112,N616S,0.0
RM6697,RM6697.150,glycan_holes,224,N616S,0.0
RM6697,RM6697.150,glycan_holes,392,N616S,0.026
RM6697,RM6697.150,glycan_holes,560,N616S,0.0
RM6697,RM6697.151,glycan_holes,0,N463S,0.0
RM6697,RM6697.151,glycan_holes,84,N463S,0.0
RM6697,RM6697.151,glycan_holes,112,N463S,0.0
RM6697,RM6697.151,glycan_holes,224,N463S,0.0
RM6697,RM6697.151,glycan_holes,392,N463S,0.0
RM6697,RM6697.151,glycan_holes,560,N463S,0.029
RM6697,RM6697.156,glycan_holes,0,T232I,0.0
RM6697,RM6697.156,glycan_holes,84,T232I,0.071
RM6697,RM6697.156,glycan_holes,112,T232I,0.0
RM6697,RM6697.156,glycan_holes,224,T232I,0.0
RM6697,RM6697.156,glycan_holes,392,T232I,0.0
RM6697,RM6697.156,glycan_holes,560,T232I,0.0
RM6697,RM6697.159,glycan_holes,0,N404M,0.0
RM6697,RM6697.159,glycan_holes,84,N404M,0.036
RM6697,RM6697.159,glycan_holes,112,N404M,0.025
RM6697,RM6697.159,glycan_holes,224,N404M,0.0
RM6697,RM6697.159,glycan_holes,392,N404M,0.0
RM6697,RM6697.159,glycan_holes,560,N404M,0.0
RM6697,RM6697.165,glycan_holes,0,T360-,0.0
RM6697,RM6697.165,glycan_holes,84,T360-,0.036
RM6697,RM6697.165,glycan_holes,112,T360-,0.0
RM6697,RM6697.165,glycan_holes,224,T360-,0.0
RM6697,RM6697.165,glycan_holes,392,T360-,0.0
RM6697,RM6697.165,glycan_holes,560,T360-,0.0
RM6697,RM6697.174,glycan_shift,0,T406N,0.0
RM6697,RM6697.174,glycan_shift,84,T406N,0.036
RM6697,RM6697.174,glycan_shift,112,T406N,0.025
RM6697,RM6697.174,glycan_shift,224,T406N,0.0
RM6697,RM6697.174,glycan_shift,392,T406N,0.0
RM6697,RM6697.174,glycan_shift,560,T406N,0.0
RM6697,RM6697.176,glycan_holes,0,N409E,0.0
RM6697,RM6697.176,glycan_holes,84,N409E,0.036
RM6697,RM6697.176,glycan_holes,112,N409E,0.025
RM6697,RM6697.176,glycan_holes,224,N409E,0.0
RM6697,RM6697.176,glycan_holes,392,N409E,0.0
RM6697,RM6697.176,glycan_holes,560,N409E,0.0
RM6697,RM6697.178,glycan_holes,0,T341I,0.0
RM6697,RM6697.178,glycan_holes,84,T341I,0.0
RM6697,RM6697.178,glycan_holes,112,T341I,0.0
RM6697,RM6697.178,glycan_holes,224,T341I,0.0
RM6697,RM6697.178,glycan_holes,392,T341I,0.026
RM6697,RM6697.178,glycan_holes,560,T341I,0.0
RM6697,RM6697.181,glycan_holes,0,N358P,0.0
RM6697,RM6697.181,glycan_holes,84,N358P,0.036
RM6697,RM6697.181,glycan_holes,112,N358P,0.0
RM6697,RM6697.181,glycan_holes,224,N358P,0.0
RM6697,RM6697.181,glycan_holes,392,N358P,0.0
RM6697,RM6697.181,glycan_holes,560,N358P,0.0
RM6697,RM6697.189,glycan_holes,0,N156D,0.0
RM6697,RM6697.189,glycan_holes,84,N156D,0.036
RM6697,RM6697.189,glycan_holes,112,N156D,0.0
RM6697,RM6697.189,glycan_holes,224,N156D,0.0
RM6697,RM6697.189,glycan_holes,392,N156D,0.0
RM6697,RM6697.189,glycan_holes,560,N156D,0.0
RM6697,RM6697.193,glycan_holes,0,N386D,0.0
RM6697,RM6697.193,glycan_holes,84,N386D,0.0
RM6697,RM6697.193,glycan_holes,112,N386D,0.0
RM6697,RM6697.193,glycan_holes,224,N386D,0.0
RM6697,RM6697.193,glycan_holes,392,N386D,0.026
RM6697,RM6697.193,glycan_holes,560,N386D,0.0
RM6697,RM6697.194,glycan_holes,0,T411I,0.0
RM6697,RM6697.194,glycan_holes,84,T411I,0.0
RM6697,RM6697.194,glycan_holes,112,T411I,0.0
RM6697,RM6697.194,glycan_holes,224,T411I,0.0
RM6697,RM6697.194,glycan_holes,392,T411I,0.026
RM6697,RM6697.194,glycan_holes,560,T411I,0.0
RM6697,RM6697.198,glycan_holes,0,N358T,0.0
RM6697,RM6697.198,glycan_holes,84,N358T,0.0
RM6697,RM6697.198,glycan_holes,112,N358T,0.0
RM6697,RM6697.198,glycan_holes,224,N358T,0.0
RM6697,RM6697.198,glycan_holes,392,N358T,0.0
RM6697,RM6697.198,glycan_holes,560,N358T,0.029
RM6697,RM6697.200,glycan_holes,0,T465M,0.0
RM6697,RM6697.200,glycan_holes,84,T465M,0.0
RM6697,RM6697.200,glycan_holes,112,T465M,0.0
RM6697,RM6697.200,glycan_holes,224,T465M,0.029
RM6697,RM6697.200,glycan_holes,392,T465M,0.053
RM6697,RM6697.200,glycan_holes,560,T465M,0.0
RM6697,RM6697.203,glycan_holes,0,N160D,0.0
RM6697,RM6697.203,glycan_holes,84,N160D,0.107
RM6697,RM6697.203,glycan_holes,112,N160D,0.025
RM6697,RM6697.203,glycan_holes,224,N160D,0.0
RM6697,RM6697.203,glycan_holes,392,N160D,0.0
RM6697,RM6697.203,glycan_holes,560,N160D,0.0
RM6070,RM6070.1,glycan_shift,0,N334S,0.0
RM6070,RM6070.1,glycan_shift,70,N334S,1.0
RM6070,RM6070.1,glycan_shift,140,N334S,1.0
RM6070,RM6070.1,glycan_shift,224,N334S,1.0
RM6070,RM6070.1,glycan_shift,252,N334S,1.0
RM6070,RM6070.2,increase_VL,0,N334S,0.0
RM6070,RM6070.2,increase_VL,70,N334S,1.0
RM6070,RM6070.2,increase_VL,140,N334S,1.0
RM6070,RM6070.2,increase_VL,224,N334S,1.0
RM6070,RM6070.2,increase_VL,252,N334S,1.0
RM6070,RM6070.7,increase_VL,0,Y330H,0.0
RM6070,RM6070.7,increase_VL,70,Y330H,0.0
RM6070,RM6070.7,increase_VL,140,Y330H,0.875
RM6070,RM6070.7,increase_VL,224,Y330H,1.0
RM6070,RM6070.7,increase_VL,252,Y330H,1.0
RM6070,RM6070.14,increase_VL,0,N279D,0.0
RM6070,RM6070.14,increase_VL,70,N279D,0.0
RM6070,RM6070.14,increase_VL,140,N279D,0.708
RM6070,RM6070.14,increase_VL,224,N279D,1.0
RM6070,RM6070.14,increase_VL,252,N279D,1.0
RM6070,RM6070.16,bnAbs_resistance,0,R166K,0.0
RM6070,RM6070.16,bnAbs_resistance,70,R166K,0.0
RM6070,RM6070.16,bnAbs_resistance,140,R166K,0.0
RM6070,RM6070.16,bnAbs_resistance,224,R166K,0.148
RM6070,RM6070.16,bnAbs_resistance,252,R166K,0.0
RM6070,RM6070.22,glycan_holes,0,N404D,0.0
RM6070,RM6070.22,glycan_holes,70,N404D,0.0
RM6070,RM6070.22,glycan_holes,140,N404D,0.0
RM6070,RM6070.22,glycan_holes,224,N404D,0.0
RM6070,RM6070.22,glycan_holes,252,N404D,0.296
RM6070,RM6070.25,increase_VL,0,K302N,0.0
RM6070,RM6070.25,increase_VL,70,K302N,0.0
RM6070,RM6070.25,increase_VL,140,K302N,0.917
RM6070,RM6070.25,increase_VL,224,K302N,1.0
RM6070,RM6070.25,increase_VL,252,K302N,1.0
RM6070,RM6070.31,glycan_shield,0,T234N,0.0
RM6070,RM6070.31,glycan_shield,70,T234N,0.0
RM6070,RM6070.31,glycan_shield,140,T234N,0.75
RM6070,RM6070.31,glycan_shield,224,T234N,0.963
RM6070,RM6070.31,glycan_shield,252,T234N,0.981
RM6070,RM6070.32,glycan_holes,0,N404S,0.0
RM6070,RM6070.32,glycan_holes,70,N404S,0.0
RM6070,RM6070.32,glycan_holes,140,N404S,0.0
RM6070,RM6070.32,glycan_holes,224,N404S,0.037
RM6070,RM6070.32,glycan_holes,252,N404S,0.019
RM6070,RM6070.35,glycan_holes,0,N130D,0.0
RM6070,RM6070.35,glycan_holes,70,N130D,0.702
RM6070,RM6070.35,glycan_holes,140,N130D,0.833
RM6070,RM6070.35,glycan_holes,224,N130D,0.963
RM6070,RM6070.35,glycan_holes,252,N130D,0.963
RM6070,RM6070.36,increase_VL,0,N130D,0.0
RM6070,RM6070.36,increase_VL,70,N130D,0.702
RM6070,RM6070.36,increase_VL,140,N130D,0.833
RM6070,RM6070.36,increase_VL,224,N130D,0.963
RM6070,RM6070.36,increase_VL,252,N130D,0.963
RM6070,RM6070.37,glycan_holes,0,N230D,0.0
RM6070,RM6070.37,glycan_holes,70,N230D,0.211
RM6070,RM6070.37,glycan_holes,140,N230D,0.792
RM6070,RM6070.37,glycan_holes,224,N230D,0.963
RM6070,RM6070.37,glycan_holes,252,N230D,0.963
RM6070,RM6070.44,glycan_holes,0,N230S,0.0
RM6070,RM6070.44,glycan_holes,70,N230S,0.07
RM6070,RM6070.44,glycan_holes,140,N230S,0.0
RM6070,RM6070.44,glycan_holes,224,N230S,0.0
RM6070,RM6070.44,glycan_holes,252,N230S,0.0
RM6070,RM6070.45,glycan_holes,0,N230T,0.0
RM6070,RM6070.45,glycan_holes,70,N230T,0.018
RM6070,RM6070.45,glycan_holes,140,N230T,0.0
RM6070,RM6070.45,glycan_holes,224,N230T,0.0
RM6070,RM6070.45,glycan_holes,252,N230T,0.0
RM6070,RM6070.46,glycan_holes,0,T132A,0.0
RM6070,RM6070.46,glycan_holes,70,T132A,0.053
RM6070,RM6070.46,glycan_holes,140,T132A,0.0
RM6070,RM6070.46,glycan_holes,224,T132A,0.0
RM6070,RM6070.46,glycan_holes,252,T132A,0.019
RM6070,RM6070.47,glycan_holes,0,N156D,0.0
RM6070,RM6070.47,glycan_holes,70,N156D,0.053
RM6070,RM6070.47,glycan_holes,140,N156D,0.042
RM6070,RM6070.47,glycan_holes,224,N156D,0.0
RM6070,RM6070.47,glycan_holes,252,N156D,0.0
RM6070,RM6070.50,glycan_holes,0,T465A,0.0
RM6070,RM6070.50,glycan_holes,70,T465A,0.018
RM6070,RM6070.50,glycan_holes,140,T465A,0.417
RM6070,RM6070.50,glycan_holes,224,T465A,0.259
RM6070,RM6070.50,glycan_holes,252,T465A,0.574
RM6070,RM6070.55,glycan_holes,0,T132N,0.0
RM6070,RM6070.55,glycan_holes,70,T132N,0.035
RM6070,RM6070.55,glycan_holes,140,T132N,0.0
RM6070,RM6070.55,glycan_holes,224,T132N,0.0
RM6070,RM6070.55,glycan_holes,252,T132N,0.0
RM6070,RM6070.56,glycan_holes,0,T132I,0.0
RM6070,RM6070.56,glycan_holes,70,T132I,0.035
RM6070,RM6070.56,glycan_holes,140,T132I,0.0
RM6070,RM6070.56,glycan_holes,224,T132I,0.074
RM6070,RM6070.56,glycan_holes,252,T132I,0.0
RM6070,RM6070.62,glycan_holes,0,N463K,0.0
RM6070,RM6070.62,glycan_holes,70,N463K,0.0
RM6070,RM6070.62,glycan_holes,140,N463K,0.0
RM6070,RM6070.62,glycan_holes,224,N463K,0.0
RM6070,RM6070.62,glycan_holes,252,N463K,0.019
RM6070,RM6070.65,glycan_holes,0,T676A,0.0
RM6070,RM6070.65,glycan_holes,70,T676A,0.0
RM6070,RM6070.65,glycan_holes,140,T676A,0.042
RM6070,RM6070.65,glycan_holes,224,T676A,0.148
RM6070,RM6070.65,glycan_holes,252,T676A,0.296
RM6070,RM6070.73,glycan_holes,0,N156S,0.0
RM6070,RM6070.73,glycan_holes,70,N156S,0.0
RM6070,RM6070.73,glycan_holes,140,N156S,0.0
RM6070,RM6070.73,glycan_holes,224,N156S,0.037
RM6070,RM6070.73,glycan_holes,252,N156S,0.0
RM6070,RM6070.74,glycan_holes,0,T232A,0.0
RM6070,RM6070.74,glycan_holes,70,T232A,0.526
RM6070,RM6070.74,glycan_holes,140,T232A,0.042
RM6070,RM6070.74,glycan_holes,224,T232A,0.0
RM6070,RM6070.74,glycan_holes,252,T232A,0.019
RM6070,RM6070.79,glycan_holes,0,N463T,0.0
RM6070,RM6070.79,glycan_holes,70,N463T,0.0
RM6070,RM6070.79,glycan_holes,140,N463T,0.125
RM6070,RM6070.79,glycan_holes,224,N463T,0.0
RM6070,RM6070.79,glycan_holes,252,N463T,0.093
RM6070,RM6070.84,glycan_holes,0,N130K,0.0
RM6070,RM6070.84,glycan_holes,70,N130K,0.018
RM6070,RM6070.84,glycan_holes,140,N130K,0.0
RM6070,RM6070.84,glycan_holes,224,N130K,0.0
RM6070,RM6070.84,glycan_holes,252,N130K,0.0
RM6070,RM6070.85,glycan_holes,0,N276D,0.0
RM6070,RM6070.85,glycan_holes,70,N276D,0.947
RM6070,RM6070.85,glycan_holes,140,N276D,0.083
RM6070,RM6070.85,glycan_holes,224,N276D,0.0
RM6070,RM6070.85,glycan_holes,252,N276D,0.0
RM6070,RM6070.89,glycan_holes,0,N463I,0.0
RM6070,RM6070.89,glycan_holes,70,N463I,0.0
RM6070,RM6070.89,glycan_holes,140,N463I,0.0
RM6070,RM6070.89,glycan_holes,224,N463I,0.0
RM6070,RM6070.89,glycan_holes,252,N463I,0.019
RM6070,RM6070.102,glycan_holes,0,T232I,0.0
RM6070,RM6070.102,glycan_holes,70,T232I,0.053
RM6070,RM6070.102,glycan_holes,140,T232I,0.0
RM6070,RM6070.102,glycan_holes,224,T232I,0.037
RM6070,RM6070.102,glycan_holes,252,T232I,0.0
RM6070,RM6070.103,glycan_holes,0,N160D,0.0
RM6070,RM6070.103,glycan_holes,70,N160D,0.035
RM6070,RM6070.103,glycan_holes,140,N160D,0.0
RM6070,RM6070.103,glycan_holes,224,N160D,0.0
RM6070,RM6070.103,glycan_holes,252,N160D,0.0
RM6070,RM6070.105,glycan_shield,0,-147N,0.0
RM6070,RM6070.105,glycan_shield,70,-147N,0.0
RM6070,RM6070.105,glycan_shield,140,-147N,0.0
RM6070,RM6070.105,glycan_shield,224,-147N,0.148
RM6070,RM6070.105,glycan_shield,252,-147N,0.0
RM6070,RM6070.108,glycan_holes,0,N463D,0.0
RM6070,RM6070.108,glycan_holes,70,N463D,0.123
RM6070,RM6070.108,glycan_holes,140,N463D,0.0
RM6070,RM6070.108,glycan_holes,224,N463D,0.0
RM6070,RM6070.108,glycan_holes,252,N463D,0.0
RM6070,RM6070.112,glycan_holes,0,S189G,0.0
RM6070,RM6070.112,glycan_holes,70,S189G,0.0
RM6070,RM6070.112,glycan_holes,140,S189G,0.0
RM6070,RM6070.112,glycan_holes,224,S189G,0.074
RM6070,RM6070.112,glycan_holes,252,S189G,0.0
RM6070,RM6070.115,glycan_holes,0,N160H,0.0
RM6070,RM6070.115,glycan_holes,70,N160H,0.018
RM6070,RM6070.115,glycan_holes,140,N160H,0.0
RM6070,RM6070.115,glycan_holes,224,N160H,0.0
RM6070,RM6070.115,glycan_holes,252,N160H,0.0
RM6070,RM6070.129,glycan_holes,0,N616S,0.0
RM6070,RM6070.129,glycan_holes,70,N616S,0.018
RM6070,RM6070.129,glycan_holes,140,N616S,0.0
RM6070,RM6070.129,glycan_holes,224,N616S,0.0
RM6070,RM6070.129,glycan_holes,252,N616S,0.0
RM6070,RM6070.143,glycan_holes,0,N448S,0.0
RM6070,RM6070.143,glycan_holes,70,N448S,0.018
RM6070,RM6070.143,glycan_holes,140,N448S,0.0
RM6070,RM6070.143,glycan_holes,224,N448S,0.0
RM6070,RM6070.143,glycan_holes,252,N448S,0.0
RM6070,RM6070.153,bnAbs_resistance,0,R169K,0.0
RM6070,RM6070.153,bnAbs_resistance,70,R169K,0.0
RM6070,RM6070.153,bnAbs_resistance,140,R169K,0.0
RM6070,RM6070.153,bnAbs_resistance,224,R169K,0.111
RM6070,RM6070.153,bnAbs_resistance,252,R169K,0.0
RM6070,RM6070.157,glycan_holes,0,T465K,0.0
RM6070,RM6070.157,glycan_holes,70,T465K,0.0
RM6070,RM6070.157,glycan_holes,140,T465K,0.083
RM6070,RM6070.157,glycan_holes,224,T465K,0.0
RM6070,RM6070.157,glycan_holes,252,T465K,0.0
RM6070,RM6070.164,glycan_holes,0,T278I,0.0
RM6070,RM6070.164,glycan_holes,70,T278I,0.018
RM6070,RM6070.164,glycan_holes,140,T278I,0.0
RM6070,RM6070.164,glycan_holes,224,T278I,0.0
RM6070,RM6070.164,glycan_holes,252,T278I,0.0
RM6070,RM6070.167,glycan_holes,0,N339S,0.0
RM6070,RM6070.167,glycan_holes,70,N339S,0.088
RM6070,RM6070.167,glycan_holes,140,N339S,0.083
RM6070,RM6070.167,glycan_holes,224,N339S,0.037
RM6070,RM6070.167,glycan_holes,252,N339S,0.0
RM6070,RM6070.177,glycan_holes,0,N358D,0.0
RM6070,RM6070.177,glycan_holes,70,N358D,0.018
RM6070,RM6070.177,glycan_holes,140,N358D,0.0
RM6070,RM6070.177,glycan_holes,224,N358D,0.0
RM6070,RM6070.177,glycan_holes,252,N358D,0.0
RM6070,RM6070.187,glycan_holes,0,N358H,0.0
RM6070,RM6070.187,glycan_holes,70,N358H,0.0
RM6070,RM6070.187,glycan_holes,140,N358H,0.0
RM6070,RM6070.187,glycan_holes,224,N358H,0.037
RM6070,RM6070.187,glycan_holes,252,N358H,0.0
RM6070,RM6070.191,increase_VL,0,H417R,0.0
RM6070,RM6070.191,increase_VL,70,H417R,0.93
RM6070,RM6070.191,increase_VL,140,H417R,0.75
RM6070,RM6070.191,increase_VL,224,H417R,0.593
RM6070,RM6070.191,increase_VL,252,H417R,0.296
RM6703,RM6703.2,glycan_shift,0,N334S,0.0
RM6703,RM6703.2,glycan_shift,84,N334S,0.038
RM6703,RM6703.2,glycan_shift,168,N334S,0.844
RM6703,RM6703.2,glycan_shift,336,N334S,1.0
RM6703,RM6703.3,increase_VL,0,N334S,0.0
RM6703,RM6703.3,increase_VL,84,N334S,0.038
RM6703,RM6703.3,increase_VL,168,N334S,0.844
RM6703,RM6703.3,increase_VL,336,N334S,1.0
RM6703,RM6703.6,increase_VL,0,H417R,0.0
RM6703,RM6703.6,increase_VL,84,H417R,0.0
RM6703,RM6703.6,increase_VL,168,H417R,0.688
RM6703,RM6703.6,increase_VL,336,H417R,0.95
RM6703,RM6703.8,glycan_holes,0,N334-,0.0
RM6703,RM6703.8,glycan_holes,84,N334-,0.0
RM6703,RM6703.8,glycan_holes,168,N334-,0.031
RM6703,RM6703.8,glycan_holes,336,N334-,0.0
RM6703,RM6703.11,glycan_holes,0,N339S,0.0
RM6703,RM6703.11,glycan_holes,84,N339S,0.0
RM6703,RM6703.11,glycan_holes,168,N339S,0.0
RM6703,RM6703.11,glycan_holes,336,N339S,0.4
RM6703,RM6703.12,glycan_holes,0,N130D,0.0
RM6703,RM6703.12,glycan_holes,84,N130D,0.0
RM6703,RM6703.12,glycan_holes,168,N130D,0.0
RM6703,RM6703.12,glycan_holes,336,N130D,0.2
RM6703,RM6703.13,increase_VL,0,N130D,0.0
RM6703,RM6703.13,increase_VL,84,N130D,0.0
RM6703,RM6703.13,increase_VL,168,N130D,0.0
RM6703,RM6703.13,increase_VL,336,N130D,0.2
RM6703,RM6703.14,glycan_holes,0,T132A,0.0
RM6703,RM6703.14,glycan_holes,84,T132A,0.0
RM6703,RM6703.14,glycan_holes,168,T132A,0.281
RM6703,RM6703.14,glycan_holes,336,T132A,0.05
RM6703,RM6703.16,glycan_holes,0,T341A,0.0
RM6703,RM6703.16,glycan_holes,84,T341A,0.038
RM6703,RM6703.16,glycan_holes,168,T341A,0.062
RM6703,RM6703.16,glycan_holes,336,T341A,0.6
RM6703,RM6703.20,glycan_holes,0,N160D,0.0
RM6703,RM6703.20,glycan_holes,84,N160D,0.0
RM6703,RM6703.20,glycan_holes,168,N160D,0.344
RM6703,RM6703.20,glycan_holes,336,N160D,0.05
RM6703,RM6703.24,glycan_shield,0,-147N,0.0
RM6703,RM6703.24,glycan_shield,84,-147N,0.0
RM6703,RM6703.24,glycan_shield,168,-147N,0.0
RM6703,RM6703.24,glycan_shield,336,-147N,0.35
RM6703,RM6703.32,increase_VL,0,Y330H,0.0
RM6703,RM6703.32,increase_VL,84,Y330H,0.115
RM6703,RM6703.32,increase_VL,168,Y330H,0.062
RM6703,RM6703.32,increase_VL,336,Y330H,0.05
RM6703,RM6703.37,glycan_shift,0,N197S,0.0
RM6703,RM6703.37,glycan_shift,84,N197S,0.0
RM6703,RM6703.37,glycan_shift,168,N197S,0.031
RM6703,RM6703.37,glycan_shift,336,N197S,0.0
RM6703,RM6703.42,glycan_holes,0,N358D,0.0
RM6703,RM6703.42,glycan_holes,84,N358D,0.0
RM6703,RM6703.42,glycan_holes,168,N358D,0.031
RM6703,RM6703.42,glycan_holes,336,N358D,0.0
RM6703,RM6703.64,glycan_holes,0,T465A,0.0
RM6703,RM6703.64,glycan_holes,84,T465A,0.038
RM6703,RM6703.64,glycan_holes,168,T465A,0.0
RM6703,RM6703.64,glycan_holes,336,T465A,0.0
RM6703,RM6703.68,glycan_holes,0,S243I,0.0
RM6703,RM6703.68,glycan_holes,84,S243I,0.0
RM6703,RM6703.68,glycan_holes,168,S243I,0.0
RM6703,RM6703.68,glycan_holes,336,S243I,0.05
RM6703,RM6703.91,glycan_holes,0,E335-,0.0
RM6703,RM6703.91,glycan_holes,84,E335-,0.0
RM6703,RM6703.91,glycan_holes,168,E335-,0.031
RM6703,RM6703.91,glycan_holes,336,E335-,0.0
RM6703,RM6703.92,glycan_holes,0,S336-,0.0
RM6703,RM6703.92,glycan_holes,84,S336-,0.0
RM6703,RM6703.92,glycan_holes,168,S336-,0.031
RM6703,RM6703.92,glycan_holes,336,S336-,0.0
RM6703,RM6703.105,glycan_holes,0,T162A,0.0
RM6703,RM6703.105,glycan_holes,84,T162A,0.0
RM6703,RM6703.105,glycan_holes,168,T162A,0.062
RM6703,RM6703.105,glycan_holes,336,T162A,0.0
RM6703,RM6703.107,glycan_holes,0,T406R,0.0
RM6703,RM6703.107,glycan_holes,84,T406R,0.038
RM6703,RM6703.107,glycan_holes,168,T406R,0.0
RM6703,RM6703.107,glycan_holes,336,T406R,0.0
